char,male,female
明,378860,63221
偉,378757,51232
軍,378096,29518
建,366515,51477
華,344928,174529
文,314939,114048
國,314608,29055
志,299132,39621
海,276918,87270
峰,232893,16214
強,229396,6049
平,225965,73650
東,218754,21500
曉,211542,207281
傑,194765,36704
永,194545,29893
勇,190382,6365
林,189380,37752
龍,187639,8593
輝,178643,28527
濤,173682,12330
斌,166016,8959
俊,161980,36564
波,160605,23886
鵬,159913,9168
春,157268,108726
新,153515,36419
剛,147028,3556
飛,142220,32319
成,139031,12607
小,137432,120069
金,136342,60113
亮,132163,6934
忠,131965,9142
玉,126830,147213
超,126104,17839
德,124605,13700
榮,122044,55581
慶,118731,23266
生,118531,6072
宇,118378,29473
光,115428,12386
立,112826,26759
磊,110223,11532
雲,109814,100157
紅,108502,211645
祥,102455,7359
洪,102011,19928
宏,100685,20164
振,100017,8650
良,96013,6731
民,94931,6861
鋒,91589,4431
兵,90646,4966
興,90035,9923
江,87909,10484
學,86406,15516
松,84077,8258
利,83354,44240
衛,82372,16707
健,82205,10896
寶,81292,17472
浩,79919,5083
勝,78757,7069
凱,77402,7691
陽,77237,24014
清,76697,36514
敏,75548,112169
旭,74631,17769
福,72095,7998
正,70377,9759
彬,66533,11042
世,64070,10604
長,63380,8103
亞,63358,63293
廣,62110,6864
中,61828,6317
君,60620,58847
瑞,58959,34788
武,58558,2865
鑫,57518,15380
劍,57335,7550
安,57148,11409
家,56343,10137
大,56176,5132
義,55720,5746
智,55204,9619
佳,54900,67249
青,54716,48604
寧,54264,28826
洋,53081,15859
昌,52419,4260
山,51167,3362
全,50282,3551
毅,49420,6604
博,49411,7874
進,46692,5243
坤,46641,8972
維,46638,17870
澤,46281,6560
雷,45521,3991
繼,45240,9822
天,44931,9701
星,44883,13812
貴,44219,6801
雄,43605,2022
友,43495,5230
元,42977,9915
富,42554,3188
樹,42132,7093
子,41952,17408
翔,41592,4686
英,41295,163414
根,41284,3574
虎,40283,1048
遠,39954,6499
順,39809,5591
少,39311,12223
仁,39174,5327
冬,38742,30766
棟,38104,1481
雪,38083,89886
保,37815,3753
彥,37443,17402
晨,37016,20761
傳,36897,5602
康,36653,3141
威,35323,4651
耀,35035,3097
喜,34957,7935
朝,34900,6919
才,34783,2061
培,34209,15313
群,33363,28152
愛,33291,53879
宗,33212,4435
一,33138,11338
發,33095,1994
克,32929,5095
力,32672,6779
賢,32133,10043
啟,31928,4280
和,31827,4571
方,31550,12810
泉,31125,2479
景,31016,9674
樂,30831,12084
錦,30756,12329
萬,30750,4090
躍,30543,4475
漢,30469,4701
恆,30422,3818
奇,30116,4181
芳,30090,165416
森,30025,1837
權,30021,1126
先,29782,7054
達,29617,2405
吉,29609,6124
嘉,29521,15680
向,29378,6893
哲,29369,5412
慧,29356,97066
銘,29225,5372
兆,28967,5001
鴻,28734,7695
欣,28634,32372
帥,28249,3889
連,27631,13835
秀,27584,112286
高,27581,2815
茂,27413,3248
艷,27301,172376
秋,26845,45719
科,26805,2467
士,26621,4530
巖,26567,12377
豐,26546,3127
思,26333,26536
桂,26184,52672
延,25967,6188
書,25756,10445
源,25746,5049
燕,25541,167706
銀,25539,16053
雨,25437,21863
靜,25167,124879
有,24942,3139
麗,24917,257288
政,24859,1751
川,24533,3209
楠,24481,27006
煒,24464,5021
來,24155,2938
鳳,23696,85514
琦,23629,17330
惠,23594,42407
開,23502,4101
紹,23406,4087
豪,23086,944
增,22914,2329
昊,22660,2304
其,22475,3782
冰,22377,20532
堅,22277,2064
會,21850,17546
恩,21695,3967
南,21479,8820
道,21467,2668
益,21397,4676
升,21303,1037
章,21119,1958
震,21076,1483
水,21017,6411
凡,20999,9723
巍,20824,6454
炳,20519,1936
盛,20369,2356
彪,20362,388
治,20264,2435
鳴,20216,4997
楊,20081,10435
朋,19980,29743
旺,19943,980
丹,19934,90406
奎,19895,983
敬,19894,7235
占,19798,2100
禮,19666,2761
暉,19597,7003
雙,19581,15184
鋼,19501,615
運,19270,3827
程,19198,5818
鐵,19142,2018
琪,19077,20240
聰,19071,7840
孝,19051,3494
懷,18994,3031
加,18906,2953
守,18827,2868
勤,18459,14190
承,18304,2668
晶,18259,54306
銳,18004,3811
濱,17996,2083
業,17969,2313
祖,17846,2294
月,17417,44097
為,17355,2776
柱,17265,578
洲,17261,1138
駿,17119,1182
田,17091,4936
善,17061,2871
如,16966,11894
航,16884,3248
誠,16839,1603
定,16717,2871
瑋,16656,12555
聖,15788,2300
穎,15584,54032
然,15578,9551
揚,15562,4908
琳,15508,59233
信,15495,1695
希,15036,6561
臣,15014,805
法,14936,630
帆,14916,6701
存,14835,2799
同,14790,1977
美,14747,78685
柏,14479,1772
錫,14471,2651
標,14459,269
風,14422,10667
玲,14420,172595
可,14378,6522
迪,14306,9011
軒,14149,2806
廷,14057,2706
京,14016,6261
憲,13991,2467
歡,13970,17390
仲,13916,1704
晉,13905,3784
本,13570,1743
凌,13561,10499
潔,13445,59476
欽,13403,2759
潤,13234,5535
賓,13228,1103
顯,13155,2161
岳,12952,1584
冠,12863,2296
財,12824,486
倫,12792,1801
睿,12716,6390
堯,12691,1641
年,12492,2253
城,12364,903
崇,12350,1855
辰,12328,4475
自,12323,1892
卓,12272,5968
猛,12255,345
煥,12240,6161
尚,12223,1972
萍,12195,144144
霖,12147,3743
登,12066,1461
騰,12029,1582
勳,11964,721
日,11920,3062
黎,11902,10182
路,11874,4629
鈞,11859,1298
裕,11802,1862
征,11779,2130
昆,11737,1563
仕,11722,2025
燦,11720,3185
均,11666,1802
靖,11588,7044
周,11563,1700
育,11552,3915
堂,11513,600
西,11485,3635
壽,11453,1086
修,11449,1699
梁,11413,887
捷,11343,4350
之,11327,3667
石,11244,1821
皓,11122,1844
太,11058,1101
卿,11010,6224
梅,10924,159843
河,10819,779
應,10818,2153
相,10745,1847
紀,10594,2285
九,10579,2679
煜,10500,3125
夭,10331,2310
孟,10259,3730
越,10200,5541
炎,10175,1838
伯,10159,1023
瑜,10086,14210
通,10015,548
功,9993,580
珍,9982,76653
勁,9937,1071
藝,9841,11695
麟,9827,1663
怡,9745,24108
雅,9745,40286
昕,9739,7505
滿,9719,3857
蘭,9675,92215
夢,9609,31109
余,9577,1696
前,9529,1139
乾,9516,815
霞,9508,150984
邦,9499,756
行,9475,1489
照,9423,1614
寬,9318,619
常,9225,1740
心,9190,7982
庭,9183,1651
基,9166,699
厚,9133,1081
男,9122,8996
木,9029,2291
昭,9028,2782
婷,8977,113910
鶴,8929,3230
久,8885,1470
純,8864,5464
令,8849,2638
宜,8830,4592
迎,8799,8528
逸,8775,4151
能,8760,1137
寅,8759,1875
賀,8757,2533
作,8675,1010
乃,8635,2298
昱,8606,4527
娟,8600,155526
釗,8593,634
緒,8589,1640
獻,8587,1464
付,8573,1112
二,8560,2594
奕,8460,5441
鎮,8338,574
隆,8308,481
蘇,8223,8511
理,8221,1616
曦,8206,5644
璐,8198,28403
淵,8195,1380
橋,8184,1253
靈,8165,10450
悅,8122,12569
葉,8116,11488
沖,8111,1359
泰,8111,408
韜,8064,641
夫,8038,466
謙,8035,1287
嶺,7950,1737
淼,7883,5167
沛,7704,2778
挺,7636,440
詩,7579,8182
熙,7567,2449
淑,7563,61259
真,7537,9647
從,7524,1866
齊,7500,1786
崗,7496,208
舉,7470,466
莉,7461,98160
三,7445,2196
碩,7405,2347
萌,7331,12887
彤,7296,9512
鈺,7296,8728
展,7289,1190
楓,7264,3397
舟,7220,1795
殿,7186,845
佩,7178,15661
軼,7161,3457
合,7157,955
原,7085,1761
瑩,7032,47749
魁,6983,331
野,6953,1231
印,6950,615
亭,6934,4287
湘,6843,5592
申,6804,1080
禹,6801,1508
戰,6792,464
召,6786,1082
魯,6752,1493
四,6627,1879
祿,6620,571
起,6520,547
琛,6519,4123
營,6514,1765
時,6514,1417
峻,6452,855
鍾,6441,990
羽,6436,5842
燁,6403,5421
娜,6400,89398
虹,6294,22091
涵,6289,7822
言,6285,2396
晟,6285,727
琴,6272,90789
瀟,6263,6979
旗,6252,641
祺,6224,1554
李,6216,3570
革,6198,1176
汝,6185,2783
化,6176,1214
人,6150,1209
瓊,6137,34642
聲,6053,779
攀,6047,1257
園,6023,16595
曙,6006,1055
亦,6006,3279
若,6003,6190
甫,5992,681
名,5968,1318
爾,5946,2384
意,5920,3272
珂,5919,4147
州,5898,490
初,5896,1143
陳,5872,2671
尤,5856,1435
以,5818,1676
弘,5817,1614
儒,5734,1158
品,5732,2043
弟,5713,2269
丁,5708,1816
曄,5675,4339
崢,5567,2342
暢,5507,4082
夏,5500,6762
嘯,5475,723
雁,5419,8314
炯,5414,713
壯,5395,407
潮,5393,381
必,5386,826
現,5381,683
添,5380,883
代,5308,1875
鎖,5299,513
斯,5289,4500
笑,5287,8412
普,5273,716
菲,5265,24358
重,5263,680
彩,5243,31096
無,5215,1232
丙,5208,613
非,5203,1665
臻,5201,2347
蕾,5189,27009
蔚,5187,6304
愷,5181,693
爽,5160,9860
雯,5142,37276
聯,5140,1202
蒙,5109,5007
百,5107,1156
秉,5073,648
芝,5041,22738
錚,5031,1537
馳,5030,861
柳,5019,9512
香,4977,43814
裡,4977,857
梓,4962,2494
望,4953,1096
在,4947,834
好,4923,2034
官,4921,942
碧,4919,11650
千,4918,2135
柯,4918,1922
允,4886,1259
煌,4881,383
斐,4879,5144
楚,4877,3818
再,4870,999
井,4825,1082
霄,4816,2477
焱,4810,2315
經,4802,641
苗,4798,12704
素,4766,33974
儉,4763,964
闖,4759,257
露,4714,15158
得,4690,567
璽,4677,893
珠,4675,16168
竹,4670,7699
衍,4610,930
贊,4601,1407
寒,4574,3793
阿,4559,4335
佑,4558,669
訓,4551,504
庚,4550,359
懿,4550,3961
津,4520,2449
倩,4485,46113
瑤,4481,17279
念,4462,2360
任,4456,738
效,4430,896
舒,4407,7311
韶,4397,1647
翰,4392,406
留,4385,971
琨,4304,1825
肖,4300,4469
領,4226,721
瀚,4222,658
翼,4196,876
賽,4194,5911
貞,4170,9479
選,4160,558
社,4157,673
甲,4128,451
濟,4125,539
多,4085,1829
珊,4081,31069
芬,4080,54011
桐,4025,2538
果,4021,2205
嵩,4008,390
隊,4005,834
公,4003,572
火,3990,547
巧,3990,21445
張,3985,1274
陸,3983,983
泳,3921,1271
幫,3868,466
擁,3855,367
浪,3855,514
綱,3845,159
鼎,3818,286
見,3816,543
錄,3815,414
球,3768,879
步,3748,498
北,3740,764
毓,3737,2777
烈,3725,390
易,3714,2098
衡,3712,655
喬,3693,2501
繁,3691,1191
媛,3648,47678
格,3621,3630
宣,3621,1076
泓,3608,1748
晗,3596,3310
侃,3574,423
杭,3569,1147
麒,3566,652
喆,3548,1074
祝,3544,1288
驍,3541,562
仙,3521,13676
池,3467,840
儀,3452,5875
鍵,3446,403
實,3422,972
戈,3393,832
舜,3390,624
深,3384,323
上,3382,452
蓉,3373,34860
坡,3369,147
於,3367,1238
季,3359,1356
爭,3347,878
記,3344,389
劉,3319,1375
巨,3313,337
瑾,3298,10829
農,3290,361
述,3289,683
鷹,3248,1719
幸,3244,1800
策,3242,310
樺,3215,2289
佐,3210,418
驥,3196,234
菊,3193,35211
敦,3182,362
盼,3172,7848
圖,3166,654
湧,3164,222
王,3161,1262
淳,3142,1062
環,3138,5467
聞,3123,1269
椒,3122,3578
放,3118,734
俠,3104,9711
容,3097,11775
典,3094,624
伍,3078,384
嚴,3077,1087
冉,3072,4554
澄,3066,1022
貝,3064,4845
端,3062,1548
關,3030,424
知,3016,1305
五,2987,717
團,2968,547
昂,2967,423
習,2962,1421
楷,2949,203
桃,2946,6413
穩,2942,833
創,2938,158
映,2934,3804
錢,2911,647
觀,2899,561
干,2894,505
嶸,2874,1257
朗,2867,477
毛,2866,1354
烽,2865,202
童,2839,1671
滔,2837,294
致,2803,509
鍇,2782,154
晴,2777,10443
翠,2759,39097
榕,2754,3052
禎,2751,1418
璋,2737,419
積,2735,422
白,2730,2944
依,2723,6089
勃,2722,363
孔,2710,332
湖,2697,414
罡,2697,115
鐸,2691,207
嵐,2688,9596
瑛,2677,10991
花,2673,45974
屹,2653,642
村,2648,391
薇,2642,23329
赫,2635,893
後,2632,425
紫,2624,4967
微,2624,11877
孫,2620,541
師,2615,703
緯,2597,545
岐,2588,304
則,2588,468
詠,2578,4209
呈,2571,582
特,2560,456
灝,2545,318
璞,2533,930
耿,2523,209
枝,2519,6408
郁,2512,1720
圓,2512,6800
倉,2503,106
徐,2488,939
頌,2483,746
細,2479,2071
計,2465,436
谷,2461,876
聚,2451,243
想,2446,1005
旋,2441,1961
棋,2437,596
宸,2435,544
盈,2400,5756
菁,2397,10955
貽,2393,555
豹,2381,46
范,2376,1084
馬,2353,559
騫,2346,401
響,2343,566
校,2336,377
總,2334,365
琰,2332,3500
鑒,2320,334
蓮,2313,35470
用,2308,276
溪,2308,2030
際,2305,439
迅,2305,403
淮,2301,358
霆,2299,307
謀,2295,139
樓,2278,241
逢,2266,564
羅,2265,848
韋,2264,1260
璇,2263,9208
胤,2258,423
將,2258,121
壘,2255,169
設,2232,124
楨,2226,1059
土,2224,244
熠,2222,747
馨,2220,8932
妙,2202,4523
秦,2202,1264
尊,2199,329
黨,2198,359
佰,2190,420
招,2189,1717
誼,2186,1105
叢,2179,2064
介,2178,248
六,2171,773
驊,2144,528
玨,2144,3794
閣,2130,1082
慎,2128,394
點,2118,792
魏,2109,725
省,2108,297
委,2106,299
族,2105,1254
拉,2102,1311
統,2100,130
更,2089,269
彭,2085,400
眾,2077,198
慈,2074,1668
居,2072,315
植,2070,249
胡,2057,4137
游,2043,549
丕,2042,357
芹,2040,24266
復,2031,400
雋,2026,1413
渝,2019,1309
術,2015,711
顏,2009,2405
莊,2003,473
競,1998,1245
韻,1990,5374
曾,1979,3488
昶,1971,222
列,1968,356
唯,1964,1633
亨,1959,168
地,1942,421
蓓,1933,13714
筱,1913,4951
結,1912,756
夕,1905,962
都,1898,387
影,1898,9620
婧,1897,18956
昀,1891,1476
茜,1890,16900
港,1885,138
耕,1874,218
肇,1873,329
幼,1869,2674
丞,1867,176
疆,1860,289
芸,1857,14007
伊,1856,4319
煉,1841,442
伏,1840,525
許,1835,538
旻,1833,712
飆,1830,204
嬌,1825,23522
棠,1797,924
杉,1792,1687
冀,1792,436
鄭,1790,1074
體,1789,288
栓,1786,172
奮,1783,545
予,1783,1725
艾,1776,2560
茹,1773,16873
鏡,1767,642
牛,1765,122
讓,1755,228
鯤,1747,251
宙,1744,195
辛,1744,944
妮,1736,19185
妍,1722,17162
尉,1721,390
陶,1721,854
郎,1712,142
豫,1704,813
何,1700,718
闊,1697,158
優,1693,1504
閩,1677,703
焰,1676,670
卡,1667,738
贇,1664,831
牧,1658,557
澎,1656,159
冗,1656,342
銓,1655,94
徽,1652,660
曰,1643,417
翊,1642,749
動,1642,317
口,1634,412
坤,1632,279
拓,1628,171
旦,1623,850
趙,1619,570
錕,1611,185
流,1600,245
扣,1600,664
密,1599,1460
壟,1596,360
庫,1596,59
陵,1592,644
珉,1592,699
黃,1591,789
韓,1589,759
譽,1587,650
房,1584,326
頂,1580,113
融,1580,877
恭,1573,113
杏,1565,4425
音,1555,2671
歌,1552,2251
靚,1542,3189
匯,1542,616
淦,1538,147
節,1532,624
遙,1530,1034
研,1523,1231
洛,1516,533
沈,1507,567
仰,1499,202
蓬,1494,395
臨,1489,595
艦,1484,121
燈,1483,181
瓏,1483,599
渭,1476,338
億,1465,433
養,1464,233
浦,1458,204
奔,1456,244
曼,1456,11960
硯,1447,895
布,1440,341
侖,1440,194
唐,1439,287
要,1428,255
沙,1427,3827
駒,1413,74
玄,1412,466
岱,1411,446
異,1408,360
乙,1404,628
機,1396,317
晏,1392,919
首,1392,209
司,1392,468
防,1390,193
序,1387,343
兒,1384,3273
盟,1384,613
歐,1383,737
位,1373,226
歆,1363,1579
葛,1358,563
奉,1358,340
斗,1358,126
湛,1356,331
含,1346,2550
古,1340,626
協,1339,166
求,1331,230
沁,1329,2595
憶,1328,1909
巴,1326,269
蕊,1324,11569
賜,1314,136
遵,1314,191
甜,1311,8490
溢,1308,487
澍,1304,311
鈴,1304,2066
直,1303,146
珩,1299,550
冶,1298,415
也,1296,638
量,1294,95
鑄,1292,77
操,1290,79
炬,1284,167
葵,1282,1188
熊,1279,152
邵,1279,363
莎,1272,15671
宋,1259,454
珺,1257,2188
旅,1255,434
惟,1252,502
專,1250,297
遜,1250,204
樸,1239,239
煊,1234,316
嗣,1230,191
玖,1226,398
模,1224,133
傲,1223,780
至,1222,275
廉,1219,255
朱,1217,515
續,1213,263
未,1205,703
車,1200,279
翀,1198,223
又,1198,866
蘊,1191,2258
電,1190,179
集,1185,179
局,1185,216
汶,1183,771
彰,1163,69
浙,1159,262
鷗,1158,1117
教,1146,144
樟,1145,251
鹹,1144,174
婕,1143,9956
璟,1142,1226
坦,1140,224
煦,1135,444
炫,1133,377
吳,1133,455
勵,1132,549
拴,1131,158
桓,1131,193
爍,1127,548
潘,1120,397
霏,1120,2059
准,1120,129
曜,1117,114
瀾,1116,1192
淞,1115,229
墨,1112,616
工,1110,127
岑,1110,1584
灼,1104,226
玥,1103,3015
象,1101,154
諾,1100,1260
默,1098,833
米,1097,1168
主,1097,188
台,1096,428
遷,1092,259
婉,1092,10407
榜,1090,62
羿,1089,247
界,1085,119
娥,1085,18470
桑,1082,729
杜,1081,578
材,1077,37
笛,1076,1011
所,1072,153
懋,1069,161
雍,1066,259
備,1066,129
佃,1061,169
霽,1060,668
引,1057,1250
提,1054,304
熹,1047,419
敢,1045,49
岸,1038,299
練,1035,286
院,1032,304
俞,1032,716
籐,1031,186
昇,1031,50
齡,1031,980
呂,1031,342
慰,1030,520
愚,1029,176
槐,1026,444
顥,1025,294
險,1019,162
號,1017,141
貫,1012,95
吾,1011,200
栩,1011,557
式,1011,141
艮,1010,554
解,1007,252
垚,1007,344
忱,1003,451
茗,1003,1190
銅,1002,144
妹,1002,17079
午,993,183
垣,992,227
慕,991,1094
穗,987,1075
蚊,987,164
瀛,981,509
祚,980,198
輪,976,69
收,969,61
贏,969,529
禾,966,573
今,959,671
勉,957,426
萱,955,3491
禧,954,264
騏,954,153
裙,954,3472
寰,953,292
韌,948,208
沐,940,491
騁,940,159
艽,935,238
歷,928,325
律,927,255
溫,927,495
左,926,225
垂,925,112
潛,924,150
耘,923,721
務,921,178
精,918,294
覺,917,258
弛,917,228
淋,914,848
椿,912,189
姍,908,10715
質,903,287
考,902,114
竟,902,342
樑,899,27
桔,892,675
葆,890,349
情,889,1297
滇,889,789
施,887,982
語,887,1679
崎,885,178
助,885,94
姣,882,11549
筠,882,2339
卉,881,6485
早,881,468
渤,878,135
支,876,259
暘,875,353
鏗,872,69
郭,872,284
叔,871,199
淇,868,566
汽,863,39
由,862,209
站,861,90
竣,857,96
篤,853,79
蒼,849,91
蛟,847,123
盤,843,219
汀,842,448
艇,841,60
禕,838,627
朔,837,333
嫻,831,6423
掀,831,230
玎,827,635
願,825,296
醒,824,470
鐳,824,155
廠,823,54
箭,823,113
泊,819,188
燾,818,54
隨,815,210
姚,814,643
鴿,811,2041
表,808,46
期,807,142
渠,806,120
袁,805,486
員,802,286
俐,800,4594
劭,800,176
奧,799,328
皇,796,125
董,795,305
改,794,3982
七,792,373
棣,792,297
勒,790,354
綠,784,1391
府,784,52
霜,782,3282
樞,782,129
曲,781,541
共,780,116
伶,776,3407
尹,775,846
畢,773,242
熾,771,74
藍,770,1287
汪,769,210
赤,767,195
狄,767,173
謹,766,569
綿,766,558
輔,763,87
瀅,763,2559
著,762,124
黔,762,307
洵,761,298
屏,759,1460
曹,757,250
次,756,141
錟,756,242
浚,755,122
灶,754,97
姜,753,564
沂,752,419
岡,751,62
滬,751,231
鋮,750,99
或,749,562
單,746,912
弋,744,327
史,742,167
擎,742,278
爐,741,37
娣,740,15289
帝,739,119
翌,736,459
婭,736,8125
僑,735,320
享,733,164
燃,731,354
苑,727,2162
譯,726,886
贛,725,134
沅,725,316
字,724,254
匡,723,52
潭,722,165
崴,715,227
近,709,257
吟,707,1381
軻,706,101
戎,706,351
納,706,1081
鮮,702,1490
祁,700,201
朕,700,73
部,700,68
琢,697,305
懌,697,246
縣,695,116
略,695,68
滕,693,180
謝,689,341
蔭,688,360
塵,687,230
馮,686,350
賦,685,43
逵,685,33
崧,685,131
仔,684,237
圳,684,67
汐,682,429
敘,681,192
滋,680,285
孜,680,620
頻,678,680
聿,678,203
譜,676,83
舸,674,155
壁,674,319
羊,674,191
參,674,144
伙,672,100
劫,671,315
送,671,147
網,669,226
劼,669,192
遲,667,190
鎧,667,75
墩,666,260
榆,665,344
倍,661,487
鑾,658,693
棵,656,49
岷,652,146
警,651,1204
班,650,130
敖,649,93
資,648,234
礦,647,54
佶,646,201
報,646,47
鷺,645,871
尼,645,378
荷,642,3810
琮,641,187
徒,639,259
恕,639,135
諱,639,710
瑪,632,1128
皖,632,421
技,630,121
鏘,630,31
嬋,628,5691
粵,627,348
蘋,623,4835
琥,623,54
卜,622,208
侯,622,200
遂,621,131
龔,620,157
援,619,209
琅,619,272
聽,618,270
翱,617,170
棉,615,509
蕭,615,625
停,615,480
刁,614,460
席,613,131
臘,607,1659
娃,607,1157
蜀,605,414
輯,605,137
議,604,177
適,603,148
愉,603,592
度,601,96
姝,600,7334
神,598,93
弦,597,412
鈿,597,176
就,597,202
殷,596,492
函,596,816
約,594,182
忻,594,468
管,591,63
快,591,135
荔,589,1493
頡,588,405
麥,588,580
薛,587,340
分,585,449
載,582,83
皎,580,1162
葳,579,683
肅,579,271
彧,578,251
坪,576,310
糧,575,49
命,572,85
市,572,172
葦,571,711
佛,570,92
凝,568,1824
蚵,567,107
項,566,139
貢,562,36
訊,560,87
伸,560,58
驕,560,452
燮,560,141
的,558,214
焯,558,116
沫,557,603
交,551,178
閃,551,1108
畏,551,113
鎏,551,259
足,550,192
緣,550,681
喻,548,460
琿,548,196
湃,548,59
檢,544,155
泗,543,86
抗,542,217
綺,542,2736
親,540,370
封,537,83
頤,537,529
煬,537,111
宵,537,443
樣,535,185
腸,533,347
島,532,65
演,530,186
老,530,113
遼,529,131
嘎,527,287
商,527,118
驚,526,162
柄,526,58
顧,525,166
卯,524,103
冕,524,202
八,524,194
造,523,52
場,520,113
鄧,516,145
回,513,289
滌,512,194
佟,510,162
兢,509,268
女,509,3967
皆,508,70
邁,506,125
晚,504,703
塔,504,277
鹿,504,349
荃,502,506
饒,502,176
歧,502,57
仿,501,195
固,500,61
弼,500,71
悠,500,592
狀,500,37
搏,499,63
裔,499,176
淨,498,1148
持,498,74
歲,497,178
邊,495,93
極,495,85
宴,494,229
奔,494,23
蔣,493,137
晃,491,43
鑌,491,54
碎,490,457
活,490,69
門,489,131
弓,489,90
境,488,221
笙,488,107
飆,488,22
閔,487,201
激,486,239
須,485,68
賚,484,303
暖,482,543
瑗,481,1100
產,481,40
贇,481,273
亢,481,150
懂,481,63
乘,480,86
涼,479,220
啟,477,60
性,477,76
哈,476,251
賡,476,33
者,475,103
圍,475,202
采,473,755
棚,472,118
滄,472,31
姐,471,873
蕙,470,1646
接,469,97
不,468,137
荊,467,273
郡,464,451
舫,464,314
芮,463,1497
壇,462,152
忍,462,148
第,461,115
簧,461,266
聘,460,214
換,459,880
鰲,458,63
悌,458,94
問,458,321
孚,455,67
隴,454,97
執,453,51
央,451,974
睦,450,67
階,450,37
樵,449,74
甘,447,198
庸,447,75
姿,447,2712
證,446,75
托,445,175
弢,444,59
轉,444,1154
翎,444,723
鄂,444,188
笠,444,137
循,441,87
論,441,76
悟,441,66
豆,440,746
配,440,271
羲,440,180
速,440,136
扎,439,77
捍,439,54
盾,439,67
灃,438,85
茵,437,3092
移,437,126
店,436,37
漫,436,1691
充,435,64
宮,433,111
盧,431,166
當,429,647
玫,428,3282
評,427,161
身,426,50
穆,426,198
與,425,145
壹,424,132
築,424,229
嵬,424,56
稼,423,106
空,422,87
俏,421,1642
是,420,107
芒,417,1472
蔡,417,279
宛,416,1120
齋,416,68
曝,416,556
那,414,350
鶯,413,3614
罕,412,187
愈,412,120
芄,407,309
草,407,426
燚,407,97
毫,406,30
飄,404,597
漪,403,1524
藩,401,55
鏑,401,88
薪,401,439
鉉,400,80
買,399,112
爵,399,36
恬,398,1485
鎰,398,51
檳,398,97
欲,397,157
濠,397,355
燊,397,43
茁,397,155
廳,397,50
拯,395,27
庶,395,71
瞻,393,96
右,393,78
芷,393,1588
夷,392,299
粉,392,2614
鏞,390,59
燎,389,35
苓,388,2026
倪,388,379
昔,387,145
妃,386,1426
筆,386,93
邈,386,122
焜,385,32
媚,384,4343
頭,383,97
廈,382,156
汗,381,129
莘,380,260
舞,380,351
跟,379,69
樊,379,174
萊,379,340
沃,379,38
績,378,107
客,378,201
驪,376,2816
苟,376,29
釧,375,127
璜,375,213
包,375,73
寨,374,68
慷,373,37
揮,373,43
導,372,71
梟,372,52
閏,371,136
稚,370,362
蒲,370,258
船,370,54
寄,370,410
涯,369,156
譚,369,106
壬,369,103
戩,369,51
已,368,148
十,367,144
區,367,55
晰,366,388
潞,365,446
瞳,365,325
鉑,365,56
嶠,363,127
嫣,362,2400
詣,361,107
獎,361,31
而,361,129
及,359,84
取,359,81
峙,358,43
砷,357,176
兮,357,290
奶,354,156
規,354,35
馥,353,932
鑽,352,121
磷,351,249
駕,350,77
候,350,81
戶,349,64
獅,349,44
訪,348,166
傅,347,81
目,347,58
峰,347,7
煙,347,571
具,346,44
識,346,90
敝,346,62
掌,346,75
繪,345,628
事,345,76
筍,344,108
陣,344,33
裴,344,329
旌,343,96
仟,343,157
護,343,42
耐,341,230
硼,340,1470
奪,340,43
藏,339,218
烜,338,54
對,337,91
橫,337,39
酉,337,66
峽,336,349
倬,336,139
入,336,155
戴,335,170
落,334,107
頓,334,88
岫,333,234
沿,333,112
戟,333,54
濃,332,605
熔,329,258
蜂,329,67
過,328,94
屠,327,139
翻,327,359
暄,326,156
咖,326,505
種,325,37
皿,324,160
柔,324,1179
詳,322,41
外,322,130
簡,322,198
蝴,320,220
粟,320,130
補,318,69
綸,317,56
角,317,119
薈,317,937
溥,317,38
等,317,34
梧,316,71
費,315,131
邱,314,182
舵,313,28
嚇,313,227
下,313,91
溯,312,121
吐,311,156
熱,310,146
魚,310,284
錳,309,27
尾,309,235
措,309,258
瓤,308,675
甄,307,358
芃,307,232
蓋,307,57
尖,307,46
受,306,48
鄉,305,168
戀,304,1171
韞,304,526
鎬,303,11
茲,303,98
獲,303,381
途,302,34
龐,302,30
鋆,300,115
夜,300,372
儲,300,59
昉,298,186
皋,298,32
焦,298,204
莫,296,245
比,296,137
鉅,295,13
頎,294,142
企,294,85
梨,294,900
出,294,68
抒,293,403
騎,292,24
殉,291,325
閱,290,213
遇,289,123
櫻,289,1980
薦,289,59
釵,288,1137
崔,287,140
黑,287,87
羚,286,899
域,286,61
鵠,286,59
繩,286,23
喧,286,392
圭,284,76
楞,282,79
各,282,116
因,282,164
謨,281,25
汛,281,88
呼,280,60
矗,280,95
窯,279,65
偵,279,127
猷,278,38
寵,278,72
栗,278,186
戚,277,39
芙,276,2327
索,276,165
橙,275,288
漲,275,17
珣,274,231
服,274,61
件,273,48
堤,273,65
綏,272,101
芊,272,821
醫,271,122
洙,271,13
羨,269,273
潑,269,21
朦,268,905
鋅,268,89
漳,268,15
擴,268,12
稱,268,113
湧,267,19
住,267,49
諭,266,183
堆,266,8
紋,265,498
針,265,247
圻,265,89
翮,265,86
泮,265,56
冷,264,374
丘,264,58
臬,264,73
眉,264,1062
澗,263,73
兔,262,88
內,261,61
渡,261,48
祈,260,93
穎,260,564
聳,259,36
諍,259,167
玻,259,35
惜,259,759
紳,258,23
塘,258,79
扶,257,43
氣,257,88
御,257,81
賈,256,124
尋,256,291
履,256,75
輕,254,137
率,254,50
釩,254,76
毒,254,134
派,253,39
猛,253,13
勰,253,73
溶,253,424
盡,253,118
限,252,62
形,252,81
聊,252,61
隱,251,111
淘,251,66
還,251,113
礫,251,240
萃,251,773
倚,250,260
湯,250,83
誕,250,75
陪,250,142
虞,250,102
鍶,250,251
潼,249,317
虧,249,54
蘆,248,143
需,248,57
徑,248,106
蓀,248,109
礎,248,55
阜,247,32
捨,247,77
數,246,78
間,246,118
幾,246,91
祐,245,17
洞,245,35
璨,245,234
翹,245,263
署,244,68
填,244,115
芽,244,500
辨,244,66
虔,244,70
疊,244,113
蓁,244,411
始,243,56
值,243,38
鏈,242,85
箐,242,633
勳,242,5
整,241,40
末,241,220
斤,241,45
烏,240,166
查,240,83
探,240,69
恢,240,41
姬,239,2098
詞,238,90
垠,238,80
憑,237,95
殊,237,265
擇,237,44
偉,236,5
敲,236,46
夔,234,66
珀,234,79
了,234,134
妤,233,1847
勻,232,349
欠,232,338
鉦,230,26
熒,230,546
颯,230,613
曠,229,66
瓦,229,86
漁,229,53
圃,229,60
戌,229,74
簫,228,269
犁,228,105
瑄,228,302
璃,228,197
患,228,170
稀,228,213
閆,228,183
稷,228,35
菡,228,1731
己,227,53
堪,227,21
賞,227,101
楹,226,121
芯,226,979
縉,225,85
霓,225,805
儼,225,72
杯,225,53
變,224,750
菠,223,137
帶,223,378
珮,222,405
渙,222,157
油,222,72
排,222,54
棕,222,32
鏢,221,12
完,220,138
瑋,220,10
矛,220,43
劃,220,54
歸,220,71
似,219,156
靂,219,65
甦,218,104
唏,218,200
杞,218,53
翅,217,46
型,217,22
狐,217,130
卷,216,114
澈,216,90
國,215,5
檸,215,264
邑,214,127
看,214,130
肪,213,201
秒,213,144
勞,212,68
嬰,212,375
辭,211,115
沉,211,141
貿,211,99
誨,211,77
核,211,36
休,210,66
崑,209,23
色,209,178
絲,208,1258
莽,208,21
淡,208,135
息,208,156
漂,207,156
套,207,44
洽,207,108
禪,206,143
恪,206,51
堡,206,18
丑,206,80
菱,206,927
哨,205,60
搜,205,37
肯,205,30
棒,204,11
折,204,58
凜,204,56
涪,204,22
翥,203,75
珅,203,66
郝,203,107
琬,203,784
祉,203,185
器,203,32
諄,202,41
漸,202,50
菘,202,19
贈,201,34
拾,200,63
盲,199,74
枷,198,204
調,198,175
踐,198,28
遐,198,204
職,198,27
磐,198,42
瑚,197,286
繞,197,61
錘,197,19
倜,197,51
縱,197,26
璉,196,166
汕,195,53
贅,194,132
鵑,194,1164
櫟,193,38
線,193,151
廬,193,60
潯,193,75
濰,192,89
測,192,57
難,191,111
驤,191,64
纓,191,619
示,191,86
翁,191,60
監,190,17
浮,190,56
畫,190,232
驄,190,57
璠,189,213
秸,189,76
渺,189,118
諒,189,35
畔,188,181
頔,188,139
兩,188,30
啊,187,159
指,187,32
鱗,187,65
蜜,187,715
只,187,73
我,187,45
哉,187,19
鷂,186,35
倡,186,18
秩,186,31
去,185,69
鉻,185,66
玟,185,199
鄒,185,82
牡,184,579
樾,184,124
荻,184,176
祜,184,21
楔,183,9
漾,183,192
疇,182,19
嶼,182,132
郅,182,207
珞,182,312
霧,182,149
談,181,60
擘,181,27
秘,181,132
溟,181,67
叮,180,126
督,180,14
茶,180,699
款,180,50
旬,179,69
枚,179,894
衣,179,182
犀,178,55
薩,178,255
試,177,226
蔥,177,246
牆,177,33
最,177,99
蔓,177,1412
儷,177,1728
欒,177,112
詒,176,61
銜,176,51
獨,176,34
峪,176,65
哥,174,88
戍,174,45
忙,174,95
襄,174,89
坊,174,58
察,174,16
邢,173,113
巳,173,58
於,173,68
寓,172,60
播,172,44
脈,171,78
玢,171,408
錠,171,45
雕,171,23
鉞,171,26
瑟,170,113
宅,170,13
箴,170,99
啟,170,26
偲,170,184
詔,170,34
宥,170,48
到,169,35
刃,169,27
沼,169,63
牙,169,52
韡,169,59
駛,169,32
蝶,168,1808
駟,168,20
朵,168,1093
梯,168,30
鶤,167,8
概,167,19
覓,166,282
蒂,166,304
榴,166,332
豈,166,33
聶,166,71
凍,165,39
告,165,28
塞,165,100
榛,165,153
漠,165,65
貌,164,45
按,163,53
珈,163,253
喚,163,207
詮,163,19
霍,163,59
繆,163,100
瓣,163,63
陰,163,67
屯,162,21
浴,162,50
撼,162,52
訂,162,48
逍,162,85
竑,161,51
麼,161,82
賁,160,22
粱,160,14
請,160,67
檀,160,64
鞏,159,22
頗,159,198
貉,158,62
別,158,72
遣,158,74
孩,158,45
弈,157,64
賴,157,85
藥,157,113
瑀,157,87
降,157,36
額,157,43
辦,157,46
室,156,43
孺,156,60
眺,156,43
鈾,155,44
銘,155,4
藻,155,75
轅,154,61
析,154,90
華,154,38
靳,154,114
堰,153,102
駱,153,47
篩,153,43
艘,153,22
追,152,44
瀧,152,21
稅,152,41
鍔,152,10
諺,152,65
待,152,58
桀,151,31
仍,151,26
廖,151,82
虓,151,22
詢,151,67
零,151,129
組,150,37
湊,150,21
鉬,150,19
層,150,121
符,150,51
私,149,39
聃,149,67
埃,149,37
巡,149,33
馗,148,6
巋,148,13
檬,148,282
郴,148,119
塗,148,52
榮,148,5
驛,147,52
翟,147,68
坷,147,48
皞,147,14
並,147,45
銑,147,22
彌,147,124
冊,147,89
舂,147,124
茅,147,55
慨,146,16
勖,145,28
梵,145,132
態,145,54
往,145,42
番,145,125
埔,144,27
鸝,144,519
鉛,143,30
兄,143,371
注,143,11
杲,143,24
僚,143,18
濱,142,19
蕃,142,64
粒,142,102
諸,142,37
莆,142,30
狗,142,23
顴,142,232
弄,142,17
輝,141,3
個,141,65
濂,141,45
峭,140,79
假,140,47
粲,140,83
讀,140,21
怒,140,34
佼,140,196
輩,139,21
宿,139,52
賤,139,46
瓚,139,69
墉,139,38
鯉,139,98
廟,139,24
努,139,77
箏,138,224
肆,138,43
馭,138,36
盎,137,29
璀,137,204
厲,137,86
鬧,137,32
街,137,36
傾,137,135
璧,137,103
瀏,136,79
蕩,136,22
戊,136,35
鄰,136,66
胖,136,93
藹,136,290
璘,136,97
囡,136,1137
洗,135,27
胥,135,40
逾,135,69
反,135,64
踢,135,77
刊,135,36
裝,135,37
幟,134,26
蕤,134,138
葷,134,22
視,134,19
攸,134,79
櫃,134,16
三,134,26
曌,134,135
暑,134,60
坎,134,29
宰,134,12
決,133,60
遺,133,40
稜,133,71
恂,133,60
預,133,48
揆,133,14
釜,133,16
晞,133,105
亥,132,28
餘,132,16
蒸,132,71
況,132,27
頁,131,97
傑,131,13
勍,131,75
鯨,131,53
旨,131,57
澳,130,56
迷,130,253
繡,130,493
軾,130,14
絢,129,425
旖,129,1014
塑,129,53
兼,129,28
滾,129,11
禺,129,39
鏵,129,50
漣,129,179
巽,129,69
票,128,20
攜,128,54
座,128,22
炘,128,29
拔,128,10
負,127,8
懇,127,22
酈,127,384
什,127,33
蓖,127,23
綜,127,32
即,127,60
乎,127,34
徹,126,20
亡,126,38
餃,126,299
礁,126,141
濛,126,202
奚,126,82
磬,126,79
薔,126,681
鋤,125,92
巾,125,348
跡,125,40
咪,125,1188
靠,125,15
汾,124,103
講,124,19
炮,124,31
舶,124,57
緊,124,31
,124,8
滸,124,6
荀,123,72
駁,123,7
樁,123,30
埂,123,3
麓,123,137
竺,123,206
賾,123,43
鄖,122,94
嫩,122,224
翩,122,362
聆,122,306
止,122,60
謂,121,29
鹽,121,38
虛,121,25
詹,120,73
算,120,39
烘,120,20
趁,120,183
釘,120,15
甬,119,18
琚,119,243
龑,119,28
頃,119,24
礡,119,38
鋁,119,38
彥,119,12
處,119,32
寺,119,33
奈,119,91
霈,119,81
頊,118,32
佺,118,14
覽,118,45
鎔,118,39
鈔,118,14
跑,117,6
俸,117,42
灑,117,162
違,117,26
惺,117,71
茸,117,280
購,117,42
墾,117,28
窮,117,22
棲,117,118
仝,116,31
累,116,25
夙,116,122
釋,116,64
幽,116,195
胄,116,26
崖,115,47
串,115,67
鮑,115,34
鸞,115,548
級,115,23
凰,115,248
淏,114,10
蘅,114,199
揉,114,10
裘,114,44
鍛,114,31
濮,114,29
鳥,114,166
條,114,110
呆,114,16
誤,114,25
薰,113,111
錨,113,12
奴,113,89
荒,113,28
彝,113,53
拱,113,17
晁,113,22
巒,113,59
鴻,112,0
繹,112,57
矢,112,15
炤,112,14
括,111,13
敵,111,15
旎,111,934
味,111,162
擂,110,26
娘,110,203
撐,110,12
段,110,125
峴,110,26
驗,110,44
籬,109,35
確,109,31
涓,109,851
柒,109,25
轟,109,27
醇,109,52
圈,109,25
勘,109,26
嫦,109,1510
騮,108,21
醉,108,244
系,108,36
覃,108,91
丈,108,28
氏,108,151
憨,107,60
霸,107,30
制,107,15
樅,107,29
搖,107,80
賢,107,8
摯,107,34
鑰,107,307
話,107,47
瑁,107,132
幻,106,268
緋,106,274
叡,106,19
碗,106,89
娉,106,940
侑,106,24
籽,106,120
嗚,106,44
伢,106,69
翡,106,329
鳶,106,48
侶,106,87
秧,105,202
拜,105,39
絨,105,764
彎,105,386
磚,105,31
晦,104,44
旱,104,17
奏,104,31
犬,104,2
缽,104,13
籍,104,42
厥,104,22
帛,104,40
阮,104,65
粼,104,269
泛,103,14
暐,103,17
冒,103,18
嘩,103,68
德,103,13
手,103,46
認,103,38
嬈,103,278
供,103,8
授,103,13
姓,102,32
磁,102,50
薄,102,34
俄,102,51
驅,102,13
失,102,15
靄,101,223
既,101,20
雲,101,94
熏,101,46
諶,101,38
侗,100,17
臍,100,28
蘢,100,23
潺,100,89
刀,100,45
蟬,99,245
惲,99,22
晝,99,11
颺,99,41
銷,99,35
灌,99,22
灣,99,253
鑣,99,30
淙,99,28
恰,99,126
維,98,5
摩,98,19
佚,98,91
絮,98,308
離,97,62
鶩,97,42
抱,97,35
埕,97,71
籌,97,7
簇,96,47
錯,96,49
撫,96,21
甸,96,51
挨,96,16
袖,95,62
泠,95,239
誅,95,23
崟,95,39
漩,95,121
攻,95,11
消,95,56
屋,95,10
殼,94,6
姆,94,224
釔,94,73
伽,94,52
題,94,31
勢,94,23
瞿,94,50
熬,94,25
寸,94,90
切,93,25
藺,93,79
刻,93,22
琤,93,116
肥,93,33
感,93,26
雀,93,149
峨,93,68
淺,93,65
牮,92,24
琇,92,126
苒,92,277
桅,92,32
睜,92,127
憬,92,56
侈,92,31
蛇,91,28
鑠,91,46
洺,91,29
閒,91,86
舅,91,26
膺,91,37
義,90,3
玩,90,113
副,90,19
惕,90,31
囊,90,65
泱,90,58
跳,90,27
蒿,90,27
暾,90,6
鵲,89,93
墅,89,28
炅,89,34
奐,89,26
稻,89,23
亙,89,15
曬,89,78
且,89,17
凱,89,9
暘,89,48
茫,89,94
陝,89,40
篪,88,19
扉,88,62
苛,88,75
謖,88,27
椰,88,168
偶,88,54
宓,88,143
扁,88,25
隸,88,26
諧,88,36
馴,88,11
沾,88,43
腳,87,39
矩,87,11
豎,87,18
椅,87,51
幕,87,64
灘,87,42
酒,87,24
燭,87,64
儂,87,119
磷,87,6
黛,87,679
拿,86,48
邯,86,43
半,86,200
迦,86,34
澧,86,40
械,85,24
碌,85,45
你,85,50
剡,85,20
撒,85,49
勸,85,75
柴,84,35
彼,84,10
仞,84,16
覲,84,36
梭,84,53
璡,84,57
哪,84,70
趕,83,21
櫓,83,20
膽,83,10
艱,83,29
婁,83,21
拂,83,30
幀,83,74
涇,82,22
皚,82,73
板,82,36
盆,82,38
甌,82,30
眼,82,42
斑,82,66
衷,82,13
物,82,28
耳,81,29
暹,81,21
鐮,81,11
癸,81,22
透,81,20
鞠,81,109
麻,81,52
驀,81,26
溱,80,79
頑,80,41
膏,80,80
佘,80,15
莜,80,138
隧,80,27
蕘,80,9
郊,79,80
究,79,18
鋪,79,32
免,79,63
貨,79,11
珽,79,22
郢,79,78
瀨,79,11
枕,79,32
鈺,78,19
耒,78,25
諫,78,37
役,78,14
嵌,78,63
鐲,78,77
睡,78,17
矯,78,253
禎,78,5
唱,78,113
鎂,78,135
嘗,78,25
皮,78,39
濬,78,7
澔,77,11
頲,77,13
沸,77,25
粹,77,68
像,77,15
赳,77,27
雖,77,15
幣,77,16
瓴,77,39
耶,77,93
屬,77,24
批,76,21
螽,76,29
陟,76,12
罐,76,33
葭,76,157
壕,76,7
瀝,76,63
繽,76,57
慢,76,379
楣,76,197
檜,76,62
株,76,58
課,76,25
肩,75,28
鹼,75,215
桁,75,10
懸,75,39
謬,75,50
碰,75,59
龍,75,3
強,75,0
錐,75,9
障,75,20
涉,75,16
郵,75,49
某,74,24
雛,74,46
趣,74,88
塏,74,11
屈,74,35
蓄,74,36
岡,74,1
坐,74,25
卸,74,52
吏,74,36
菜,74,256
夠,73,56
軸,73,19
審,73,12
囤,73,2
轍,73,20
鞍,73,18
飾,73,35
釬,73,22
槍,73,4
伴,73,41
浠,73,121
喃,73,138
破,73,11
鎳,73,20
蕪,73,102
阪,72,8
謠,72,122
蜘,72,26
鑲,72,46
冽,72,30
俁,72,32
偕,72,8
箕,72,46
瑕,72,376
食,72,24
僕,72,10
鉗,72,13
挪,72,79
忌,72,14
另,72,22
毆,71,20
糠,71,15
說,71,39
份,71,43
夯,71,8
漓,71,81
芋,71,90
詰,71,45
泯,71,35
妲,71,431
輦,71,200
礪,70,19
募,70,33
誦,70,23
血,70,44
灰,70,21
哦,70,28
鎊,70,31
萼,70,79
逛,70,28
巷,70,15
銥,70,68
俱,70,23
僳,69,13
塹,69,17
樺,69,7
槿,69,87
桌,69,19
悍,69,8
赴,69,12
瞬,69,33
乒,69,69
燴,69,63
瑰,69,279
菖,69,19
嫡,69,193
糞,69,4
責,69,10
踴,69,6
螢,69,240
壩,69,7
庠,68,12
鈞,68,10
壓,68,43
他,68,15
涅,68,15
鶚,67,15
騷,67,33
眩,67,25
稿,67,11
芾,67,44
危,67,18
砂,67,46
東,67,1
價,67,25
射,67,20
皙,67,84
柵,67,43
勝,67,0
鋈,67,48
霉,67,15
牟,67,30
逞,66,16
料,66,31
興,66,2
廓,66,70
襲,66,46
勺,66,33
置,66,20
撇,66,36
蠢,66,28
蟄,66,20
輛,66,23
劇,66,21
熟,66,28
楫,65,14
貧,65,19
強,65,9
敕,65,21
簽,65,31
泥,65,67
褚,65,23
悉,65,38
豊,65,2
鼓,65,14
繃,65,183
偽,65,20
鵡,65,32
鴦,65,317
妝,65,54
架,64,12
瓔,64,242
終,64,21
箱,64,20
陌,64,52
鑑,64,7
押,64,18
屾,64,21
曉,64,28
莞,64,335
腮,64,76
穹,64,26
丸,64,14
暮,64,51
僧,63,8
焊,63,13
璁,63,19
慶,63,3
染,63,59
栽,63,19
澇,63,17
邀,63,28
雌,63,19
館,62,9
袍,62,9
驁,62,7
逆,62,17
淅,62,84
荏,62,20
迺,62,26
晅,62,16
拼,62,20
束,62,75
壤,62,21
奠,62,9
挽,62,22
旆,62,44
券,62,43
洸,62,4
達,62,2
臭,62,14
綽,61,37
桉,61,29
紹,61,7
篙,61,50
卞,61,30
該,61,10
嘵,61,44
乖,61,93
瀑,61,13
很,61,21
輸,61,32
麗,61,56
巢,61,8
厭,61,19
散,60,50
墀,60,15
昳,60,122
敞,60,5
棗,60,50
泵,60,5
牢,60,5
棍,60,6
促,60,48
苡,60,155
澱,60,17
催,60,29
骉,60,1
肄,60,36
薏,60,241
宦,60,8
嘲,60,28
擔,60,15
做,60,20
橡,60,13
霹,59,27
甚,59,28
丐,59,6
寇,59,17
恍,59,5
面,59,46
茉,59,467
絳,59,69
刪,59,44
卻,59,20
縝,59,44
膠,59,48
迭,59,10
埠,59,10
暴,59,13
糯,59,39
囝,58,40
緩,58,232
蛋,58,14
訥,58,62
禕,58,41
纖,58,210
仇,58,22
牲,58,14
撲,58,11
柚,58,34
蒞,58,61
欽,58,2
爛,58,92
陛,58,5
塚,58,4
錦,58,22
鈁,58,27
伐,58,8
閂,58,11
著,57,23
例,57,32
糖,57,18
碘,57,25
綢,57,76
仡,57,5
秤,57,18
鑼,57,24
鏹,57,2
瑨,57,13
虢,57,8
淥,57,40
衫,56,61
翾,56,32
桿,56,4
抄,56,10
絡,56,33
汲,56,13
宬,56,12
捐,56,33
礬,56,31
僅,56,34
衢,56,6
臏,56,5
篷,56,13
忞,56,26
握,56,12
禱,56,14
飲,56,19
鍋,56,8
赦,56,17
鋌,56,8
羔,56,17
碾,55,21
氫,55,26
擊,55,14
弗,55,16
灤,55,39
爰,55,70
蒯,55,31
墚,55,9
攤,55,57
疾,55,13
晌,54,20
茄,54,143
閎,54,13
烯,54,38
滑,54,24
咬,54,8
吼,54,20
儀,54,38
碟,54,124
嬪,54,428
紘,54,5
腺,54,6
柬,54,10
婚,54,33
燧,53,10
鵝,53,96
戒,53,19
驟,53,7
締,53,24
璣,53,37
暈,53,37
牌,53,10
乏,53,22
妥,53,30
翬,53,19
膨,53,35
渾,53,11
杈,53,23
衎,53,5
圩,53,11
噸,53,7
蕉,52,105
銖,52,27
綦,52,16
契,52,75
倞,52,26
泌,52,24
仃,52,45
葒,52,167
床,52,12
枋,52,20
隋,52,26
瑱,52,36
誓,52,22
嗎,52,5
毯,52,19
猶,52,11
鉤,52,3
駐,52,20
紡,52,77
翕,52,11
類,52,23
嶄,52,15
叫,51,38
棘,51,28
哇,51,10
魂,51,10
侄,51,13
纏,51,47
禁,51,30
磅,51,18
倆,51,19
逐,51,31
錡,51,13
兌,51,16
借,51,48
砥,51,5
咨,51,30
硒,51,24
藕,51,191
誠,51,0
瓜,50,24
答,50,27
禛,50,26
抵,50,8
坑,50,6
愫,50,154
祠,50,10
掛,50,60
梗,50,21
矚,50,17
蠻,50,44
鑷,50,13
疑,50,80
焙,50,31
扈,50,18
織,49,78
打,49,26
軟,49,73
卒,49,25
湞,49,77
抽,49,23
涔,49,85
苞,49,18
鴨,49,47
雞,49,16
洳,49,147
寧,49,6
讕,49,157
瞧,49,47
鄴,49,11
嬉,49,233
浣,49,98
滴,49,41
衙,49,12
嶢,49,16
闌,49,81
褘,49,47
睛,49,119
娛,49,235
漱,49,103
旁,49,41
錡,48,21
混,48,16
歹,48,11
澤,48,4
薊,48,22
蛔,48,22
沄,48,30
躋,48,8
舊,48,24
曈,48,23
咚,48,25
磨,48,19
諷,48,24
俗,48,13
樽,48,13
蝦,48,185
輿,48,18
拙,48,12
鵬,47,0
鎣,47,41
溧,47,29
檔,47,29
據,47,12
睢,47,26
捌,47,9
謄,47,35
呻,47,23
帕,47,29
迸,47,8
橢,47,37
烔,47,8
拖,47,42
妞,47,515
柑,47,28
隘,46,15
榭,46,21
墜,46,12
冪,46,36
鄲,46,106
悻,46,13
灸,46,39
澡,46,29
躬,46,4
迥,46,17
幗,46,200
冥,46,13
槽,46,4
鼠,45,13
柏,45,7
剴,45,3
屆,45,11
租,45,11
顛,45,32
灩,45,133
芩,45,93
皂,45,8
撞,45,42
扔,45,13
耆,45,10
故,45,33
捧,45,109
遒,45,2
鋐,45,6
披,45,10
鎵,45,15
毋,45,20
釤,45,28
慮,45,14
案,45,11
乓,44,10
韙,44,19
纘,44,5
樹,44,0
囂,44,28
遞,44,20
蔑,44,30
柿,44,28
嬡,44,828
藜,44,109
淪,44,7
穿,44,11
蛙,44,41
貓,44,24
擬,44,42
塊,44,13
葡,44,593
烙,44,3
砌,44,21
倫,44,5
敷,44,28
茨,44,52
嫚,44,508
琍,44,270
傭,43,170
玠,43,10
娠,43,206
剩,43,19
闞,43,9
蟾,43,54
褥,43,7
穎,43,34
遍,43,14
攝,43,8
便,43,92
狂,43,4
婀,43,144
韻,43,64
疏,43,75
辱,43,14
奡,43,10
淆,43,8
焓,42,32
畦,42,22
煎,42,2
癬,42,20
此,42,16
澹,42,17
股,42,15
鈳,42,11
呢,42,64
琉,42,25
濺,42,11
菅,42,97
煤,42,13
綬,42,30
明,42,15
挑,42,29
拳,42,9
烺,42,6
溜,42,16
跌,42,58
穰,42,26
瓶,42,89
丫,42,208
構,42,9
愍,42,32
佗,42,10
螺,42,94
臥,42,13
闐,42,26
蟈,42,262
揪,41,30
給,41,34
銨,41,7
蔗,41,33
撰,41,9
洧,41,6
貳,41,15
擒,41,5
稔,41,3
諦,41,14
嵋,41,102
酬,41,15
每,41,59
溦,41,56
塬,41,16
珵,41,3
駸,41,23
嬿,41,168
帷,41,13
汴,41,9
耙,41,14
竇,41,24
啦,40,63
緬,40,49
鰓,40,9
鈉,40,41
鏇,40,28
闕,40,12
羹,40,28
隼,40,2
婪,40,48
靜,40,34
腹,40,21
聖,40,5
順,40,2
叉,40,14
辟,40,8
怪,40,16
膳,40,12
僖,40,21
匹,40,8
娓,39,613
褔,39,2
盒,39,7
詠,39,40
僥,39,10
帙,39,166
裳,39,79
毗,39,64
憫,39,21
墊,39,8
推,39,12
姵,39,69
豁,39,8
淞,39,14
蛾,39,65
斕,39,68
蠕,39,23
瀘,39,17
蘩,39,22
珙,39,23
憂,39,37
糊,39,1056
餐,39,20
攏,39,25
撥,39,6
譞,39,30
髓,39,25
唬,39,5
閻,39,13
青,39,27
纂,39,4
壞,39,16
漢,38,1
楝,38,16
虯,38,7
逯,38,14
筐,38,8
父,38,10
鍬,38,16
茴,38,62
旼,38,13
樨,38,45
寫,38,20
蜻,38,37
硅,38,12
稟,38,7
吻,38,29
趟,38,19
拽,38,10
侍,38,11
傘,38,28
茭,38,37
翃,38,14
煇,38,2
牽,37,30
哼,37,9
誇,37,16
吧,37,24
斧,37,6
進,37,2
玳,37,55
爆,37,4
裁,37,19
琶,37,10
鞭,37,9
掀,37,12
爹,37,23
些,37,269
慣,37,10
覆,37,20
缸,37,31
愁,37,44
胃,37,11
框,37,9
陽,37,5
堔,37,21
昺,37,7
鋰,37,14
菽,37,82
棧,37,1
掙,37,8
閭,37,15
顆,36,33
孛,36,13
掠,36,7
軫,36,28
瑢,36,75
悔,36,73
互,36,14
辜,36,10
溜,36,11
猴,36,5
吒,36,10
憲,36,2
巫,36,17
蹬,36,4
畋,36,28
咯,36,18
剛,36,1
,36,24
孤,36,274
使,36,23
釣,36,9
凳,36,20
廣,36,2
閡,36,22
燏,35,15
恿,35,15
鉀,35,8
檣,35,6
濘,35,40
漆,35,11
淚,35,26
嫄,35,174
餾,35,19
綺,35,15
發,35,0
幃,35,13
邸,35,12
臃,35,14
湜,35,17
抑,35,10
渲,35,36
偏,35,61
搬,35,25
徵,35,14
堉,35,15
蠶,35,33
吁,35,10
婦,35,16
荇,35,28
揚,35,1
邕,35,6
碑,35,9
槓,35,6
急,35,9
輻,35,5
隔,35,46
孬,35,1
稽,35,14
辮,35,17
貴,35,3
仉,35,20
寶,34,8
她,34,19
被,34,29
鈕,34,22
崽,34,3
圮,34,28
瞎,34,37
杓,34,7
噶,34,10
鋒,34,3
暗,34,17
伺,34,6
萎,34,23
它,34,5
梢,34,28
窒,34,9
寥,34,24
渢,34,6
學,34,3
囪,34,4
櫸,34,6
迫,34,7
尕,34,38
隕,34,19
甡,34,16
豢,34,16
皛,34,32
盂,34,13
湍,34,5
逃,34,16
瑭,34,11
胺,33,5
澆,33,29
聰,33,1
瑒,33,21
酩,33,4
汞,33,6
肉,33,14
趨,33,12
洱,33,9
鈍,33,2
渴,33,24
弱,33,15
哎,33,11
畑,33,6
斂,33,15
冼,33,7
匆,33,26
狼,33,2
救,33,7
句,33,10
祟,33,16
捻,33,26
亓,33,22
夾,33,9
麾,33,3
奄,33,14
銹,33,53
恃,33,7
吹,33,48
撿,33,26
掉,33,12
襯,33,102
呀,33,35
遮,33,13
哺,33,13
迂,33,6
炭,32,8
鏟,32,4
迢,32,10
軒,32,4
蹺,32,32
諝,32,8
志,32,0
錁,32,10
愧,32,21
謐,32,54
觸,32,18
猜,32,49
譬,32,24
璿,32,21
坯,32,11
筧,32,7
惇,32,8
焉,32,50
鋇,32,16
沒,32,32
蝗,32,10
剪,31,20
遨,31,2
嵇,31,7
徹,31,0
緝,31,11
餓,31,22
呵,31,28
翯,31,13
媽,31,17
鶇,31,8
甥,31,12
菌,31,37
箋,31,12
畜,31,8
撤,31,8
賣,31,10
篇,31,22
苕,31,25
僳,31,12
窩,31,10
顓,31,8
俍,31,9
雒,31,10
恨,31,173
呸,31,10
熀,31,3
奢,31,16
乞,31,10
薌,31,84
杖,31,2
窿,31,2
胸,31,5
崍,31,15
礽,31,12
荑,31,48
崠,31,8
鼐,31,4
褀,30,6
抓,30,2
輾,30,10
縛,30,11
雹,30,4
磕,30,11
吶,30,30
尺,30,5
璵,30,54
櫥,30,25
駿,30,0
淄,30,10
檑,30,5
墒,30,20
畝,30,5
悄,30,84
書,30,4
邰,30,38
綾,30,60
蘸,30,19
幅,30,21
姑,30,350
卑,30,9
溝,30,4
攘,30,31
差,30,17
嫜,30,45
臧,30,7
酪,30,9
硬,30,4
圪,30,2
瞅,30,11
哮,30,6
欄,30,40
辯,30,13
吞,30,19
盺,30,18
鴛,30,244
酥,29,19
苦,29,12
昧,29,31
鈮,29,69
藉,29,28
陀,29,6
走,29,11
鋸,29,5
啡,29,64
豐,29,1
鈐,29,8
鐃,29,9
恆,29,1
鍍,29,3
杵,29,6
斟,29,22
陞,29,0
蹦,29,87
嫁,29,19
腦,29,8
萇,29,4
啼,29,15
眷,29,22
判,29,7
,29,42
痕,29,31
碉,29,8
但,29,14
晛,29,7
燦,29,2
困,29,14
皓,29,3
粗,29,2
崑,29,2
邴,29,23
懦,29,12
婓,29,46
瀕,29,33
沭,29,22
般,28,16
昨,28,11
笳,28,17
耽,28,25
銻,28,13
廣,28,0
嘏,28,11
亂,28,8
撅,28,12
筌,28,8
崚,28,7
謗,28,4
誌,28,4
茆,28,9
鐿,28,20
烊,28,9
斡,28,6
褘,28,11
儡,28,24
乳,28,20
犖,28,18
擯,28,7
罰,28,15
扛,28,4
札,28,8
暫,28,13
瓷,28,12
盔,28,5
炸,28,7
寡,28,16
鱉,28,16
煩,28,10
洹,28,11
瑩,28,31
母,28,22
儆,28,12
償,28,4
柘,27,7
拋,27,9
洮,27,9
焚,27,17
晾,27,14
雜,27,30
柞,27,7
枯,27,7
訇,27,9
桶,27,18
割,27,1
棄,27,17
揀,27,9
腑,27,29
釉,27,14
勿,27,24
贍,27,7
衰,27,17
佇,27,8
湉,27,73
晡,27,16
這,27,11
炊,27,11
瞞,27,19
魔,27,11
姆,27,6
開,26,3
贓,26,6
背,26,21
懈,26,9
囑,26,6
剿,26,45
販,26,2
鄢,26,32
蘿,26,55
替,26,9
弧,26,9
唁,26,19
瀲,26,27
顫,26,40
短,26,9
嫌,26,90
龜,26,10
籠,26,12
餚,26,31
菏,26,28
苔,26,62
戲,26,13
崛,26,2
淯,26,12
詩,26,18
膝,26,6
廚,26,7
篾,26,10
賠,26,21
詡,26,6
攬,26,23
燒,26,6
窟,26,4
嬙,26,357
逖,26,4
譙,26,65
紛,26,122
曳,26,16
掇,26,19
凎,26,0
庾,26,8
碼,26,11
喀,26,5
腰,26,30
潢,26,6
暨,26,6
避,26,5
孕,26,11
訾,26,19
捆,25,12
妻,25,10
弭,25,13
撕,25,96
控,25,7
罩,25,7
庵,25,3
緹,25,52
俺,25,6
佾,25,10
椹,25,14
浤,25,2
淩,25,13
浥,25,25
桄,25,3
諭,25,1
鳳,25,28
鍛,25,12
忘,25,5
鍾,25,7
啤,25,2
勱,25,10
長,25,0
鈦,25,1
蘑,25,15
刑,25,6
憐,25,166
謙,25,1
瑣,25,13
臆,25,36
炙,25,15
砰,25,24
鞋,25,11
砒,25,14
嶧,25,3
嶷,25,19
逼,25,10
削,25,5
煥,25,6
濼,25,6
瞪,25,5
埋,25,20
崙,25,3
賺,25,3
蹊,25,15
捕,25,9
沽,25,43
否,25,11
蒨,25,76
膛,24,5
瀠,24,59
姨,24,53
菇,24,38
燿,24,4
稗,24,24
擲,24,22
貼,24,12
蟲,24,12
篆,24,26
偷,24,12
墓,24,4
底,24,10
貺,24,3
裊,24,16
掣,24,8
塍,24,1
嵨,24,1
澤,24,5
滎,24,13
烴,24,5
亞,24,8
汨,24,20
片,24,21
眭,24,11
儐,24,5
廂,24,16
眨,24,9
拇,24,10
祀,24,0
售,24,14
恥,24,10
褒,24,13
匣,24,52
返,24,10
懼,24,5
彈,24,17
蠡,24,2
佯,24,15
戮,24,13
泡,24,19
邪,24,4
媒,24,13
簿,24,8
湄,24,102
拍,24,10
榔,23,18
嶂,23,0
憾,23,19
紓,23,48
謅,23,20
躉,23,5
減,23,13
闡,23,10
肋,23,6
棖,23,7
魄,23,3
萄,23,51
芍,23,88
嶔,23,1
液,23,12
寂,23,20
拄,23,5
籃,23,30
梳,23,25
突,23,7
搶,23,3
酷,23,15
腫,23,9
嘻,23,13
縫,23,10
涎,23,2
丟,23,13
笏,23,2
唇,23,25
增,23,1
藎,23,23
郇,23,6
斛,23,11
匠,23,10
躁,23,9
盯,23,17
縈,23,63
檁,23,2
聾,23,18
們,23,8
堯,22,2
鎮,22,0
嶙,22,7
豬,22,14
粥,22,3
僵,22,8
鷙,22,4
驃,22,1
芥,22,17
姮,22,102
袱,22,1
描,22,23
嶺,22,19
迺,22,2
鄺,22,43
逗,22,60
靛,22,17
羌,22,10
倦,22,9
艿,22,12
菀,22,100
瑒,22,13
肜,22,10
遠,22,1
揖,22,5
旵,22,2
篡,22,9
遭,22,6
病,22,4
鬼,22,6
較,22,13
駭,22,6
芫,21,35
檄,21,13
叨,21,2
椏,21,26
滲,21,5
撈,21,7
瓅,21,28
溺,21,2
惠,21,18
顒,21,3
傀,21,37
飛,21,2
硝,21,11
矜,21,30
稍,21,11
脅,21,5
軍,21,4
蘋,21,51
糾,21,6
盅,21,4
莒,21,8
佬,21,6
戢,21,13
紜,21,21
緘,21,14
瑙,21,24
蓴,21,29
傍,21,19
躊,21,8
椽,21,3
忭,21,5
膊,21,4
蓑,21,11
嚨,21,3
錮,21,8
飯,21,6
仂,20,11
氮,20,11
妨,20,71
咳,20,3
駝,20,6
囿,20,9
甍,20,12
鋏,20,10
曖,20,12
軔,20,5
珧,20,8
窗,20,9
扇,20,34
孿,20,21
枰,20,8
酋,20,3
鏖,20,2
側,20,7
裹,20,2
珵,20,19
錞,20,6
癡,20,282
怖,20,2
橄,20,19
扭,20,22
莖,20,23
鞘,20,13
鉸,20,8
玏,20,4
洶,20,3
溉,20,3
嶔,20,13
紘,20,4
吃,20,8
樂,20,3
勳,20,0
貞,20,19
裸,20,0
愨,20,7
絕,20,18
檉,20,2
討,20,7
蹈,20,9
晉,20,0
噠,20,10
群,20,2
醞,20,7
達,20,2
胞,20,3
幌,20,3
估,20,6
撬,20,23
倢,20,13
紀,19,3
畸,19,7
塌,19,9
島,19,1
笈,19,5
舷,19,4
揭,19,4
睬,19,11
葬,19,30
逮,19,6
跨,19,3
腐,19,8
愷,19,5
胎,19,16
奭,19,4
淹,19,10
誘,19,122
歉,19,22
棻,19,16
褐,19,4
鏜,19,1
財,19,1
耗,19,9
肝,19,14
椋,19,4
嬸,19,15
畯,19,0
浡,19,2
媞,19,71
睫,19,33
壑,19,6
嗡,19,8
琭,19,7
孳,19,11
棽,19,9
襟,19,7
擅,19,9
峋,19,3
厘,19,16
眠,19,14
烤,19,3
粕,19,6
菩,19,19
窪,19,6
濾,19,17
搞,19,4
址,19,16
噴,19,11
撓,19,13
掘,19,5
汊,19,15
郜,19,75
砣,19,4
汎,19,6
歪,19,11
帳,19,6
湫,19,28
夆,19,1
欞,19,11
沆,18,3
毳,18,32
酣,18,8
濡,18,18
為,18,2
嶺,18,3
孽,18,4
棪,18,5
峘,18,6
焮,18,7
憊,18,2
匪,18,5
踞,18,2
徠,18,7
晹,18,4
蟠,18,9
喨,18,2
坍,18,16
喊,18,8
棟,18,0
紐,18,23
泫,18,9
裂,18,6
棓,18,13
蘭,18,18
戳,18,3
爺,18,6
逄,18,9
復,18,5
訟,18,1
窘,18,16
傻,18,9
垛,18,6
梃,18,4
岢,18,2
稠,18,6
堅,18,0
仨,18,2
帽,18,10
悶,18,10
帖,18,10
吵,18,14
梆,18,79
紗,18,97
禿,18,1
蜒,18,19
淬,18,18
紅,18,25
摸,18,5
瓢,18,86
純,17,11
剖,17,2
頲,17,4
嶽,17,1
汁,17,24
舌,17,8
舀,17,4
蛆,17,9
戡,17,2
皺,17,10
芪,17,8
損,17,4
迤,17,11
獺,17,13
粘,17,15
繼,17,0
齊,17,1
誒,17,6
權,17,2
猿,17,4
鑭,17,6
徇,17,10
苯,17,7
弩,17,4
赬,17,17
榅,17,1
棹,17,6
輔,17,0
暉,17,2
侵,17,2
琲,17,33
蹤,17,1
暱,17,24
摻,17,5
編,17,7
濯,17,2
汰,17,2
隅,17,7
酌,17,4
籮,17,7
颶,17,4
漚,17,12
肛,17,5
撩,17,1
嚼,17,7
擦,17,5
鬃,17,11
犢,17,2
橘,17,25
踏,17,7
滯,17,9
炯,17,2
蹇,16,6
媯,16,38
楗,16,1
誡,16,3
褲,16,3
罔,16,4
掄,16,1
攙,16,15
扒,16,4
攫,16,9
妊,16,31
輟,16,6
蝕,16,9
綻,16,28
斜,16,10
孰,16,8
贄,16,1
鄔,16,2
鈸,16,1
鼻,16,4
淵,16,0
蕎,16,35
朧,16,4
錸,16,2
薯,16,12
笨,16,5
截,16,13
竅,16,6
鵾,16,3
崤,16,8
仗,16,2
珪,16,6
悲,16,6
滁,16,20
酶,16,16
綴,16,23
糕,16,9
矣,16,14
盞,16,15
穌,16,13
厄,16,0
除,16,7
氖,16,5
挹,16,9
擋,16,19
罷,16,14
業,16,1
竄,16,7
距,16,4
脊,16,2
墟,16,6
恤,16,9
憎,16,3
幹,16,1
鍘,16,17
町,16,11
咀,16,4
箍,16,5
吝,16,8
堵,16,7
害,16,7
攢,16,8
澐,16,14
潦,16,7
躲,15,21
酗,15,10
巔,15,4
壙,15,0
俚,15,5
刺,15,25
碳,15,7
低,15,3
惹,15,15
黠,15,9
愛,15,14
嘶,15,33
滅,15,6
溈,15,6
蕻,15,22
螟,15,15
惦,15,6
軌,15,1
緯,15,0
啞,15,24
獵,15,3
屺,15,1
悝,15,3
阻,15,4
婆,15,30
俯,15,4
娌,15,32
繕,15,6
嵐,15,9
勛,15,3
楸,15,14
兀,15,5
甯,15,29
掏,15,4
喲,15,5
嗌,15,11
澂,15,4
炟,15,8
諤,15,2
萸,15,40
尿,15,2
黍,15,7
汭,15,7
欺,15,6
脅,15,0
劑,15,9
投,15,3
臼,15,4
爸,15,0
纜,15,0
幡,15,2
照,15,14
璦,15,60
獄,15,2
癢,15,5
嵊,15,2
攔,15,7
淶,15,5
暋,15,1
蟶,15,8
退,15,2
缺,15,45
舢,15,6
繒,15,6
焌,15,5
拎,15,38
鬢,15,6
啄,15,6
濕,15,7
塨,15,2
國,15,2
鈣,15,11
倘,15,10
泂,15,1
掃,15,2
婿,15,21
諜,15,35
彣,15,7
嚷,15,7
脫,15,9
橋,15,0
蚌,15,4
筒,15,10
嫉,15,17
奸,14,15
蠟,14,23
僮,14,14
騰,14,0
頸,14,5
廄,14,8
渣,14,8
騂,14,2
誥,14,3
陋,14,3
哩,14,19
浬,14,5
瀛,14,1
錫,14,0
騙,14,6
肌,14,3
膩,14,3
附,14,5
匿,14,3
嗄,14,4
倭,14,12
憤,14,6
囚,14,5
絞,14,34
把,14,5
壺,14,5
膿,14,11
蠱,14,3
謇,14,5
閨,14,70
哆,14,11
骨,14,10
俅,14,3
昃,14,2
刷,14,13
菂,14,23
儻,14,1
幢,14,5
嬴,14,13
銣,14,31
冤,14,10
姻,14,74
匙,14,4
臉,14,10
轎,14,11
昫,14,2
瞄,14,17
蔫,14,11
嫵,14,56
莛,14,14
腔,14,1
豺,14,1
屍,14,6
輅,14,1
堇,14,14
藐,14,22
餅,14,8
櫚,14,5
堀,14,2
矮,14,3
顯,14,0
懶,14,5
胚,14,9
滿,14,2
翦,14,1
肚,14,2
偌,14,20
鍺,14,7
騤,14,2
撮,14,2
躒,14,4
曻,14,0
硫,14,3
煒,14,1
氧,14,6
兗,14,3
鉚,14,5
邏,14,11
昴,13,1
祗,13,1
曇,13,11
屢,13,6
璸,13,3
蟒,13,2
劬,13,2
鐺,13,7
妖,13,54
郗,13,28
燥,13,8
潔,13,15
忽,13,6
暻,13,6
遴,13,2
倒,13,12
驌,13,2
嘟,13,12
竭,13,4
饞,13,9
犧,13,4
氯,13,6
憧,13,6
抖,13,4
廊,13,42
訴,13,3
釀,13,2
訸,13,4
砧,13,5
膚,13,9
濁,13,5
開,13,0
憋,13,5
呷,13,7
趾,13,4
絹,13,115
妏,13,28
隗,13,4
滈,13,0
禽,13,7
郎,13,0
竿,13,12
伋,13,1
檻,13,1
唆,13,5
肇,13,0
烝,13,2
淝,13,2
畹,13,35
刈,13,7
酮,13,6
斷,13,58
枉,13,3
媧,13,67
阡,13,8
蓬,13,1
齲,13,1
勾,13,3
紱,13,8
璆,13,12
穴,13,4
寬,13,1
衿,13,5
玓,13,19
怕,13,4
劈,13,6
褪,13,6
襪,13,4
畇,13,6
覅,13,10
嗆,13,2
惡,12,5
洌,12,5
哄,12,6
卅,12,9
惶,12,0
鐫,12,11
崳,12,5
贖,12,1
梔,12,3
灝,12,0
湟,12,0
皝,12,4
皋,12,2
舔,12,35
碚,12,7
噢,12,2
迨,12,3
緞,12,25
叛,12,3
萁,12,10
脂,12,84
禮,12,0
兜,12,7
碩,12,2
袒,12,0
塤,12,2
賑,12,1
暠,12,0
頒,12,10
迪,12,0
迄,12,2
爪,12,6
酸,12,6
吸,12,5
咕,12,5
吩,12,8
鈃,12,5
弁,12,2
誰,12,10
褶,12,11
蒔,12,17
晢,12,2
遁,12,3
瞰,12,1
肺,12,6
崩,12,2
恁,12,4
霰,12,8
蔬,12,12
醛,12,1
騏,12,0
騄,12,0
漵,12,2
沌,12,54
洐,12,3
英,12,34
埜,12,2
肸,12,6
茳,12,9
抬,12,9
榷,12,5
腥,12,5
銓,12,0
銪,12,2
磋,12,40
櫪,12,3
死,12,2
棨,12,1
訖,12,4
盜,12,5
愔,12,23
賊,12,2
苾,12,24
恙,12,5
郟,12,93
斥,12,3
覬,12,4
顗,12,2
譴,12,3
謎,12,23
脯,12,5
秭,12,13
頹,12,140
愣,12,3
粽,12,4
鏐,12,5
簾,12,8
跋,11,8
擄,11,7
歇,11,7
侹,11,1
蚤,11,0
閥,11,6
則,11,0
廩,11,0
綱,11,0
珥,11,12
磑,11,5
礙,11,8
惑,11,8
旒,11,10
煽,11,7
版,11,5
孵,11,7
恐,11,6
飆,11,0
鸚,11,29
翛,11,8
弨,11,1
恫,11,7
錩,11,1
伉,11,5
嫫,11,74
阪,11,0
熳,11,55
稈,11,1
歎,11,6
競,11,16
勣,11,3
煮,11,4
莊,11,7
鹼,11,5
摹,11,4
蛀,11,12
痛,11,3
轄,11,2
氐,11,6
垓,11,0
瓞,11,3
涵,11,17
墮,11,2
渚,11,2
嚕,11,1
砍,11,4
箔,11,8
鈜,11,6
鏐,11,4
怔,11,3
喇,11,17
衛,11,0
鋕,11,0
彗,11,21
幔,11,151
糜,11,5
村,11,1
棫,11,2
濤,11,2
氨,11,3
莢,11,61
飴,11,3
抨,11,1
匝,11,5
掖,11,4
燙,11,3
蒜,11,4
墳,11,5
哀,11,5
嶒,11,2
辣,11,11
賬,11,7
凹,11,5
罄,11,7
滂,11,1
繭,11,6
悼,11,1
苠,11,5
嘛,11,11
獸,11,4
嗽,11,3
鐙,11,3
涿,11,5
蟹,11,10
鰾,11,6
洩,11,3
飼,11,16
諗,11,12
奀,11,6
鐐,11,4
窈,10,50
燼,10,7
萬,10,0
邃,10,7
矽,10,5
訶,10,4
呁,10,7
拷,10,1
蛹,10,17
簪,10,20
炆,10,6
瑤,10,10
聲,10,3
綮,10,2
袤,10,1
媳,10,38
效,10,3
鴉,10,4
冏,10,3
丫,10,12
晤,10,3
黽,10,2
艙,10,12
檠,10,0
汜,10,2
垅,10,0
釁,10,5
搭,10,3
駸,10,1
擠,10,3
賽,10,4
匏,10,13
韭,10,6
癱,10,2
扳,10,3
滏,10,2
嶢,10,0
筵,10,8
槊,10,0
穠,10,12
磺,10,10
熤,10,2
哿,10,5
渟,10,12
堏,10,5
昏,10,18
鳴,10,1
芭,10,18
玭,10,28
掩,10,0
湲,10,36
襖,10,3
簍,10,8
搪,10,1
喂,10,4
揣,10,0
峒,10,1
饅,10,63
堋,10,1
躥,10,8
摘,10,4
悸,10,5
漏,10,7
逝,10,2
蠅,10,0
啻,10,5
桎,10,0
晙,10,5
銚,10,8
腆,10,6
實,10,1
耍,10,4
孖,10,2
碇,10,0
擺,10,4
莨,10,0
仄,10,2
岍,10,2
拭,10,2
笪,10,10
暇,10,42
乍,10,1
偎,10,0
偃,10,3
來,10,1
脆,10,18
囧,10,7
找,10,4
柁,10,0
弸,9,2
謳,9,11
骸,9,2
傳,9,0
憶,9,8
鎔,9,5
龍,9,0
葶,9,45
湦,9,0
爻,9,4
羞,9,34
汶,9,4
磯,9,1
拆,9,5
鍠,9,0
訓,9,0
鱷,9,2
氦,9,1
韋,9,1
娶,9,7
煖,9,4
蹲,9,3
蕖,9,16
枳,9,12
熇,9,4
髒,9,2
紊,9,12
搓,9,2
蛤,9,6
妗,9,17
怍,9,12
噪,9,3
攆,9,2
洄,9,2
蚜,9,7
飽,9,1
鐔,9,2
筋,9,3
倓,9,8
邡,9,2
閘,9,6
嚏,9,6
鐠,9,2
氚,9,7
鄞,9,4
痢,9,25
莊,9,5
瑊,9,6
疫,9,0
寮,9,2
範,9,0
釹,9,13
楣,9,33
訣,9,7
鴒,9,5
玘,9,10
驊,9,2
毖,9,4
濱,9,0
葫,9,32
乂,9,13
清,9,5
漭,9,1
緒,9,1
暕,9,1
侮,9,5
貸,9,10
踩,9,10
揩,9,5
殘,9,5
橈,9,3
鈴,9,6
玕,9,4
淒,9,4
鍥,9,2
喝,9,1
窖,9,8
碴,9,2
邇,9,8
筏,9,4
囍,9,2
連,9,2
槳,9,1
闓,9,5
運,9,2
苧,9,9
鶴,9,0
嗨,9,2
漿,9,3
駢,9,0
沓,9,5
琵,9,8
怌,9,2
琺,9,1
蹋,9,8
埭,9,2
槌,9,3
坫,9,0
熄,9,3
胳,9,6
珒,9,9
繳,9,5
珝,9,4
蟻,9,8
稹,9,2
臀,9,5
諳,9,8
敉,9,10
礅,9,0
瑧,9,2
捅,9,4
捂,9,3
祤,8,4
標,8,0
拘,8,3
颸,8,10
咽,8,1
楦,8,4
萩,8,24
筧,8,0
漯,8,1
摟,8,0
紙,8,43
脾,8,5
瓛,8,4
億,8,2
輥,8,3
苻,8,2
怛,8,2
踔,8,1
撣,8,2
倉,8,0
壹,8,5
贊,8,0
後,8,2
紈,8,13
唾,8,4
兒,8,7
鄆,8,3
鷥,8,7
瞇,8,39
俘,8,2
瑆,8,3
頜,8,3
蛻,8,7
宕,8,1
綸,8,0
學,8,3
眸,8,5
甕,8,4
浯,8,0
迮,8,2
蔽,8,5
剎,8,16
矞,8,9
浸,8,2
尚,8,1
榀,8,1
啥,8,6
劊,8,2
鍚,8,2
愐,8,0
滉,8,0
砜,8,2
迓,8,0
埡,8,9
寞,8,11
貯,8,5
逑,8,3
蘄,8,7
墘,8,1
醴,8,1
邗,8,1
俊,8,3
吊,8,7
憓,8,7
姊,8,32
嫿,8,56
炒,8,2
瑲,8,2
羆,8,0
岬,8,1
黌,8,4
沺,8,8
訛,8,2
果,8,5
鎦,8,3
蹄,8,0
乜,8,4
岌,8,1
泉,8,0
摔,8,5
輒,8,1
饋,8,9
嫂,8,345
啪,8,10
榮,8,2
塚,8,1
蕁,8,5
棓,8,1
糟,8,4
錄,8,1
扯,8,2
儔,8,1
驢,8,1
儈,8,5
銍,8,0
挫,8,8
卲,8,6
喬,8,1
佈,8,2
軋,8,2
您,8,4
券,8,8
欣,8,2
煚,8,5
妒,8,7
杳,8,6
嶸,8,1
橇,8,4
璡,8,1
抿,8,9
睆,8,5
凶,8,6
垟,8,4
皜,8,0
鍾,8,3
氛,8,248
蓮,8,15
氓,8,3
鏨,8,0
鋯,8,1
鑿,8,2
艷,8,12
凸,7,4
刨,7,1
甩,7,36
崟,7,3
茀,7,1
肘,7,4
埏,7,1
紉,7,22
胯,7,1
廢,7,4
皊,7,34
蚓,7,3
虤,7,0
頰,7,8
楉,7,5
芠,7,3
恝,7,4
帚,7,1
悰,7,3
蔻,7,5
霙,7,14
姍,7,4
瑮,7,5
颿,7,2
畬,7,0
闈,7,4
,7,0
應,7,1
釷,7,2
獒,7,1
屜,7,7
櫓,7,3
並,7,2
齡,7,8
戽,7,2
慥,7,0
婢,7,2
僉,7,0
徼,7,16
鈥,7,1
烹,7,4
腎,7,5
蹭,7,2
吒,7,4
驩,7,0
鉎,7,1
玶,7,8
籟,7,5
妘,7,22
噓,7,3
虱,7,3
瑫,7,4
剝,7,3
嘹,7,1
隙,7,3
隰,7,1
岵,7,0
雋,7,0
鴕,7,8
杪,7,6
煲,7,0
沮,7,6
鍊,7,1
朽,7,5
圜,7,3
稞,7,0
噗,7,2
淵,7,1
姥,7,3
薺,7,17
晸,7,0
狸,7,5
絎,7,5
鈰,7,0
腿,7,1
寬,7,0
夐,7,0
竫,7,8
宏,7,1
怨,7,7
鉿,7,5
倔,7,3
疼,7,4
插,7,9
琁,7,5
臂,7,13
棐,7,2
顰,7,6
鞥,7,2
閶,7,2
拐,7,2
欖,7,5
埝,7,3
婍,7,19
曉,7,4
睽,7,1
脖,7,2
醋,7,4
閌,7,0
僻,7,2
茬,7,7
瀟,7,7
醚,7,5
淤,7,2
異,7,2
陂,7,0
槎,7,3
烷,7,11
崝,7,1
親,7,0
鮫,7,7
璈,7,2
胂,7,2
嫀,7,4
讒,7,3
嘔,7,5
蚺,7,4
爾,7,0
餌,7,8
窕,7,42
浹,7,0
卵,7,45
鶄,7,1
賄,7,4
橦,7,18
哭,7,3
儇,7,3
呤,7,16
瓊,7,5
嗥,7,1
菻,7,3
鏻,7,0
騖,7,1
汔,7,1
綁,7,6
蜓,7,15
鞒,7,0
耜,7,0
岔,7,1
潤,7,1
衠,7,2
腕,7,14
鍊,7,0
呦,7,2
菥,6,4
瘦,6,2
銧,6,0
杕,6,0
汩,6,4
薀,6,3
溳,6,7
賜,6,2
絛,6,5
邐,6,20
怎,6,1
錩,6,0
轷,6,3
瞭,6,2
恣,6,2
賓,6,0
瀧,6,0
嫈,6,15
玹,6,4
愍,6,2
騋,6,1
燐,6,1
劍,6,1
鷁,6,2
芨,6,2
浲,6,0
擱,6,6
寯,6,0
渃,6,1
鐘,6,3
涸,6,7
瘋,6,8
龒,6,2
郯,6,2
鈿,6,3
絜,6,14
濫,6,0
姁,6,18
噯,6,2
逶,6,3
約,6,0
珖,6,7
資,6,1
記,6,1
陡,6,0
詮,6,0
氈,6,5
靴,6,0
剔,6,3
湳,6,3
徊,6,5
創,6,0
巘,6,0
泇,6,2
竽,6,4
災,6,2
伈,6,9
襠,6,2
倖,6,7
歙,6,2
瀉,6,1
滓,6,34
縊,6,1
牯,6,1
翽,6,1
璕,6,8
診,6,16
礞,6,1
壽,6,0
礡,6,2
擻,6,3
嗯,6,3
徉,6,2
蕓,6,6
腱,6,2
瞥,6,1
苫,6,1
謀,6,1
唪,6,6
篤,6,2
誣,6,1
搾,6,1
仵,6,2
伃,6,17
菟,6,2
榤,6,0
顏,6,3
櫳,6,0
榃,6,1
噬,6,0
學,6,3
騂,6,0
謁,6,2
擰,6,8
嬛,6,20
偊,6,2
釗,6,1
錶,6,0
屑,6,2
饑,6,1
豌,6,5
躺,6,3
瀅,6,5
錆,6,6
殲,6,4
醬,6,8
簃,6,1
時,6,1
熙,6,0
琻,6,1
筇,6,6
圯,6,2
屴,6,2
懷,6,2
魅,6,6
鎝,6,1
攪,6,3
錄,6,0
耪,6,0
憚,6,1
譫,6,1
岙,6,1
懲,6,4
埼,6,5
塽,6,5
瘤,6,0
俑,6,1
喵,6,11
眧,6,0
癌,6,1
扦,6,5
斬,6,2
雎,6,2
嘖,6,0
忡,6,2
淌,6,5
緲,6,6
崗,6,0
邊,6,1
桷,6,5
嫘,6,19
卓,6,1
褂,6,4
鎗,6,0
膘,6,2
涑,6,4
臾,6,4
剋,6,2
袋,6,4
礦,6,0
詐,6,2
忖,6,2
氰,6,4
傷,6,2
瀨,6,2
睹,6,4
咱,6,2
筷,6,3
咋,6,6
軻,6,2
議,6,2
墇,6,0
貂,6,5
驌,6,1
叭,6,7
贗,6,3
葉,6,3
廁,6,4
殳,6,4
硌,6,3
賀,6,1
潰,6,3
壎,6,1
楙,5,3
見,5,0
渦,5,2
蒞,5,3
閉,5,3
緦,5,9
鎰,5,0
舲,5,16
嫻,5,5
竊,5,71
燁,5,3
,5,4
躍,5,0
頏,5,1
週,5,2
顒,5,2
鈧,5,0
苘,5,2
鐵,5,3
猙,5,5
焜,5,0
鶤,5,1
債,5,3
倧,5,0
痊,5,1
燠,5,2
妄,5,4
譏,5,7
殖,5,2
忒,5,1
湔,5,1
洎,5,3
鍠,5,0
毜,5,3
撻,5,5
忺,5,2
氡,5,0
優,5,4
詵,5,0
皕,5,1
嚀,5,8
栲,5,0
熲,5,2
杼,5,7
廑,5,2
曄,5,2
榿,5,2
柃,5,6
磙,5,0
柢,5,0
嚎,5,4
垮,5,1
詭,5,1
挾,5,7
嫺,5,8
動,5,0
燮,5,0
階,5,0
栯,5,0
吭,5,1
隍,5,0
堙,5,4
猩,5,2
茺,5,1
驂,5,1
螓,5,3
鍚,5,1
啵,5,0
驎,5,1
滌,5,4
嫖,5,9
勁,5,0
淖,5,45
柸,5,0
夼,5,1
鏵,5,1
炕,5,1
棺,5,3
鉭,5,4
葑,5,5
鎢,5,4
莓,5,25
莧,5,6
祿,5,0
沏,5,4
寐,5,16
儉,5,0
場,5,0
孌,5,95
壢,5,2
鞅,5,1
顯,5,2
鉍,5,3
珍,5,4
匍,5,6
你,5,9
椎,5,4
漉,5,6
餒,5,3
泐,5,0
睇,5,7
豛,5,0
騛,5,1
蜚,5,2
戧,5,0
駙,5,0
煋,5,1
鋃,5,0
鉥,5,0
箬,5,12
沱,5,0
嶇,5,0
訝,5,3
匈,5,3
惍,5,1
榫,5,2
蛛,5,13
軺,5,1
喳,5,1
峻,5,1
緗,5,11
佴,5,1
傣,5,2
儕,5,1
狩,5,1
繆,5,1
頡,5,1
剃,5,2
捶,5,8
摧,5,3
咐,5,0
伎,5,9
栳,5,0
雱,5,7
雇,5,1
偈,5,1
趯,5,1
塗,5,0
縮,5,4
蛐,5,1
雩,5,7
愕,5,1
敗,5,3
虜,5,0
鳩,5,3
苪,5,11
壅,5,0
頎,5,0
咎,5,4
鋦,5,0
鷲,5,4
藪,5,0
酚,5,5
棡,5,1
弇,5,3
適,5,0
叼,5,2
醌,5,1
症,5,0
鋩,5,1
雉,5,2
藝,5,2
詛,5,0
騾,5,0
猗,5,9
隈,5,0
驥,5,0
爬,5,1
矩,5,2
間,5,0
拮,5,3
鏷,5,3
凊,5,1
欻,5,0
蒼,5,0
捃,5,8
條,5,1
俎,5,3
媜,5,6
鏝,5,11
頌,5,2
淫,5,1
羈,5,0
挈,5,0
艤,5,2
脹,5,1
澀,5,4
評,5,0
柟,5,4
轔,5,2
稻,5,2
躇,5,2
實,5,0
拒,5,3
搴,5,0
緄,5,0
劻,5,0
羶,5,2
是,5,1
昦,5,3
琯,5,2
瘓,5,0
摞,5,0
楠,5,2
捉,5,6
噫,5,2
牣,5,1
壯,5,1
氪,5,0
韜,5,1
刮,5,0
銳,5,2
昝,5,16
繇,5,2
馬,5,0
咩,5,2
媄,5,13
亨,5,2
堯,5,1
嗜,4,3
秈,4,3
狹,4,5
粑,4,0
紋,4,2
駑,4,3
翹,4,0
寤,4,0
賒,4,2
唧,4,3
鉦,4,0
殆,4,2
尻,4,2
煐,4,0
茌,4,2
豋,4,0
風,4,0
掁,4,2
光,4,0
爚,4,0
師,4,0
靚,4,1
搐,4,2
磻,4,1
邳,4,0
痔,4,0
銳,4,0
軀,4,4
錛,4,0
莙,4,20
高,4,2
抹,4,4
熲,4,0
罵,4,3
湑,4,0
矇,4,0
訕,4,3
遹,4,0
縵,4,22
菕,4,2
枘,4,5
襦,4,0
穗,4,3
叩,4,2
峁,4,1
燉,4,0
煞,4,1
澮,4,12
揍,4,1
譁,4,1
嬤,4,2
戇,4,1
戔,4,3
墡,4,0
耕,4,0
塾,4,2
粳,4,4
塢,4,1
髂,4,1
旃,4,3
楟,4,0
庇,4,2
辻,4,0
誼,4,1
碔,4,0
臨,4,1
狠,4,5
蠍,4,1
鉉,4,0
鼎,4,0
畿,4,0
嘿,4,6
矸,4,0
艋,4,1
屎,4,4
掬,4,3
皪,4,2
訢,4,5
嚳,4,1
喘,4,1
汧,4,1
杺,4,2
賭,4,5
潾,4,3
琴,4,2
鮀,4,0
沚,4,8
餉,4,0
旒,4,3
氟,4,6
娸,4,1
弊,4,0
銦,4,11
儋,4,2
掂,4,0
柿,4,0
擴,4,0
謊,4,0
佞,4,6
鏃,4,0
黃,4,0
濟,4,0
蓼,4,4
諝,4,2
劦,4,3
艨,4,2
鐶,4,1
鎛,4,0
禍,4,2
抌,4,0
劣,4,1
塋,4,9
鏡,4,0
鹮,4,6
讚,4,0
諮,4,3
猖,4,0
裎,4,1
篁,4,4
澣,4,0
洴,4,0
貹,4,0
坻,4,1
勒,4,0
尨,4,1
堽,4,0
懾,4,1
瑃,4,0
秦,4,1
逡,4,2
,4,1
唔,4,1
栴,4,3
鄉,4,0
駉,4,0
冬,4,1
侔,4,0
經,4,0
秝,4,11
雙,4,0
僷,4,3
荼,4,2
殺,4,5
鏌,4,1
昺,4,1
鯊,4,0
閔,4,0
鋟,4,1
餛,4,2
舯,4,0
徘,4,2
謦,4,8
琉,4,2
曜,4,0
瘩,4,2
鏤,4,3
競,4,6
鄙,4,8
鵒,4,0
汮,4,0
眙,4,4
扼,4,2
釙,4,0
蛸,4,2
妡,4,8
穢,4,1
莪,4,2
岦,4,1
葎,4,0
魴,4,1
擾,4,1
縢,4,1
摺,4,1
本,4,14
榧,4,7
斻,4,0
轢,4,1
璃,4,4
蒽,4,9
藏,4,2
齒,4,0
埴,4,1
踉,4,0
哏,4,0
堠,4,1
昡,4,0
砢,4,0
玨,4,8
櫻,4,5
寢,4,3
鬻,4,0
駪,4,2
深,4,4
沔,4,0
錚,4,4
甑,4,3
瘟,4,1
鏹,4,0
錵,4,0
澋,4,1
砳,4,3
垢,4,2
誾,4,4
庥,4,1
溫,4,1
颺,4,4
炷,4,1
搔,4,0
燻,4,0
証,4,0
泔,4,1
淂,4,0
楓,4,0
庹,4,0
駒,4,0
楨,4,0
嚄,4,11
胲,4,0
驦,4,2
瘴,4,0
懃,4,2
曬,4,0
艟,4,0
夢,4,1
邛,4,1
環,4,3
晤,4,0
忝,4,0
卻,4,22
蒴,4,5
燔,4,2
鍇,4,2
跖,4,0
澶,4,2
袈,4,2
俟,4,3
剮,4,1
匯,4,1
悕,4,3
鋅,4,2
污,4,1
怯,4,0
妎,4,1
琣,4,3
靜,4,28
搌,4,0
嶢,4,1
埸,4,0
胐,4,3
欹,4,3
叟,4,0
驦,4,8
殤,4,3
鉞,4,0
鉁,3,0
錤,3,0
絆,3,2
餳,3,0
倛,3,0
倏,3,2
蓂,3,1
兒,3,1
夤,3,2
鉊,3,1
吱,3,4
嫕,3,20
泖,3,1
襗,3,0
世,3,1
崞,3,1
逴,3,1
讚,3,0
宬,3,0
甝,3,0
尤,3,0
鵷,3,3
縕,3,1
靡,3,5
惱,3,2
玫,3,1
礌,3,0
圾,3,0
郕,3,0
縐,3,2
梣,3,4
嚦,3,2
慫,3,1
嘯,3,0
祓,3,0
蕂,3,0
韌,3,0
蕰,3,3
疌,3,2
蘚,3,2
覦,3,3
鉷,3,2
酲,3,0
鳳,3,2
錕,3,0
玴,3,1
,3,0
葰,3,0
濔,3,1
俋,3,2
紆,3,2
述,3,1
蕗,3,7
礎,3,1
羸,3,0
畬,3,1
鼙,3,0
凋,3,1
鯽,3,0
遑,3,1
褆,3,3
燹,3,3
邶,3,0
櫨,3,3
湋,3,0
膂,3,1
澠,3,0
奘,3,1
峼,3,1
鯧,3,0
爔,3,1
劌,3,1
霂,3,6
檯,3,0
蘊,3,7
垍,3,0
卦,3,1
奤,3,1
綠,3,1
鹵,3,0
袞,3,1
愜,3,7
說,3,2
渫,3,1
咒,3,0
楀,3,0
苳,3,3
樑,3,0
忮,3,1
碹,3,0
鯖,3,1
珄,3,1
並,3,0
椼,3,0
羼,3,1
鶻,3,0
鈃,3,0
糾,3,0
悒,3,0
檳,3,2
塵,3,1
偍,3,0
羽,3,2
唷,3,0
娩,3,49
領,3,0
澌,3,10
兟,3,1
咺,3,1
泣,3,4
伕,3,0
磉,3,0
銃,3,0
坵,3,0
蓀,3,0
垿,3,2
靄,3,3
映,3,5
撂,3,4
眭,3,0
珕,3,1
袑,3,0
慚,3,22
螢,3,0
悵,3,0
輇,3,1
燁,3,0
暲,3,0
查,3,2
秣,3,0
胰,3,4
牷,3,0
洨,3,4
幄,3,0
萑,3,0
畈,3,0
茚,3,0
蕨,3,0
茱,3,10
挎,3,2
栤,3,0
屁,3,1
馹,3,3
肓,3,1
秋,3,0
鐾,3,0
糙,3,3
倗,3,0
垳,3,1
贠,3,1
熹,3,1
泝,3,0
律,3,0
壘,3,2
橫,3,0
詫,3,1
捏,3,0
扥,3,0
怊,3,0
摑,3,0
巽,3,0
囟,3,0
嘀,3,1
酵,3,0
虻,3,0
步,3,0
簷,3,7
晏,3,3
癟,3,0
讋,3,0
卓,3,3
慆,3,0
蓊,3,4
瑝,3,3
欣,3,2
鋻,3,0
嗓,3,2
滿,3,1
逕,3,2
垃,3,3
跂,3,0
嘯,3,0
笱,3,0
聰,3,2
圓,3,4
孫,3,1
磁,3,1
蘊,3,11
規,3,0
,3,4
瞋,3,1
竻,3,0
鑒,3,0
漬,3,1
嵎,3,1
黑,3,1
傴,3,2
獷,3,0
楮,3,2
茯,3,3
囅,3,1
湮,3,4
酊,3,1
櫆,3,0
迠,3,0
碭,3,0
毀,3,0
默,3,1
迴,3,0
樸,3,1
邊,3,0
靈,3,0
鏞,3,0
搙,3,1
叻,3,4
錢,3,0
籣,3,8
罧,3,0
咦,3,3
蠑,3,0
黯,3,2
瑯,3,1
璔,3,0
緡,3,0
玒,3,2
巃,3,0
諹,3,1
鏜,3,0
犯,3,1
俾,3,0
茛,3,0
賡,3,0
翬,3,1
鶡,3,1
鐓,3,1
迴,3,0
氶,3,0
煨,3,1
腩,3,2
喣,3,0
療,3,0
瞑,3,1
冇,3,0
唄,3,6
寔,3,1
耋,3,0
噎,3,1
戾,3,1
銀,3,2
鍬,3,1
璟,3,2
犎,3,0
嗷,3,3
礙,3,0
姩,3,5
鰍,3,1
壯,3,1
偞,3,2
熨,3,1
舉,3,0
喦,3,1
鎧,3,1
屘,3,2
騉,3,0
礱,3,1
椂,3,2
蔭,3,0
坨,3,1
挖,3,2
朓,3,0
鑭,3,4
葉,3,0
眈,3,0
楊,3,0
鄣,3,0
篸,3,0
膀,3,2
眳,3,1
貶,3,1
捩,3,2
電,3,0
騅,3,1
珃,3,1
鈵,3,0
罘,3,1
潓,3,5
梫,3,0
帥,3,0
遏,3,3
筳,3,2
鋡,3,0
慬,3,2
渥,3,0
潁,3,1
倢,3,3
賦,3,0
竦,3,1
瑅,3,0
咭,3,4
變,3,1
窄,3,2
愾,3,1
飼,3,0
鈷,3,0
蜇,3,1
尡,3,1
娿,3,1
垌,3,1
謫,3,0
悅,3,4
篊,3,4
瑛,3,4
慌,3,6
猋,3,0
參,3,1
鏊,3,1
貽,3,1
苤,3,0
抷,3,0
欐,3,3
眶,3,1
彖,3,0
芑,3,3
鈱,3,2
龕,3,0
桪,3,0
梲,3,0
腓,3,0
水,3,2
籹,3,4
吮,3,0
觚,3,0
皦,3,0
僭,3,0
豚,3,2
禓,3,0
銨,3,0
罹,3,1
橋,3,1
閹,3,2
階,3,0
祾,3,7
鬲,3,2
枵,3,1
懵,3,0
歡,3,2
恮,3,0
鋙,3,0
綜,3,0
禰,3,0
苙,3,2
鈽,3,0
僬,3,0
婺,3,8
鸛,3,3
頫,3,0
湰,3,0
鍾,3,1
俠,3,7
乘,3,0
珌,3,0
翳,3,2
啖,3,0
將,3,0
邤,3,0
躦,3,0
椲,3,0
栐,3,1
地,3,2
虒,3,0
鈊,3,2
殃,3,3
咫,3,3
婋,3,2
賸,3,2
佔,3,1
烋,3,0
仿,3,3
焞,3,0
浵,3,0
喏,3,7
鏣,2,0
鹴,2,0
旒,2,1
鶲,2,1
滄,2,0
滽,2,0
霑,2,2
瓖,2,3
嬈,2,0
飆,2,0
璸,2,1
膜,2,5
肱,2,0
鲆,2,1
臞,2,0
雗,2,0
場,2,0
鷸,2,2
江,2,0
桴,2,0
薾,2,2
埁,2,0
琊,2,1
疤,2,0
眐,2,0
隹,2,3
爃,2,0
泉,2,2
訕,2,0
僑,2,1
紳,2,0
惠,2,0
骯,2,0
釭,2,0
瑺,2,1
櫱,2,0
廿,2,4
柎,2,0
剋,2,0
獻,2,0
妉,2,2
閖,2,0
乘,2,1
霨,2,1
窗,2,0
疵,2,1
赧,2,2
語,2,1
糍,2,0
擷,2,3
笵,2,0
婄,2,6
徠,2,0
豈,2,1
腴,2,2
耩,2,0
籛,2,1
黟,2,1
璪,2,2
宮,2,0
轱,2,0
褸,2,1
匯,2,0
茈,2,5
陘,2,0
猾,2,1
坩,2,0
蒞,2,1
穎,2,2
弳,2,0
垶,2,3
佇,2,0
溴,2,1
蒐,2,1
悖,2,0
砸,2,5
暢,2,5
橇,2,0
柩,2,0
崆,2,0
伓,2,0
玦,2,4
勗,2,0
櫞,2,6
燁,2,0
旮,2,0
畬,2,0
麟,2,0
蘞,2,3
岧,2,0
脘,2,3
閾,2,0
倨,2,0
皞,2,1
鯪,2,1
錒,2,6
輜,2,0
聯,2,0
騶,2,0
罍,2,0
垵,2,0
燎,2,0
幍,2,0
歅,2,0
滋,2,0
柳,2,2
籔,2,0
耷,2,0
鍔,2,0
總,2,1
驫,2,0
雫,2,0
圉,2,0
愨,2,1
樂,2,0
閽,2,1
餕,2,0
摳,2,0
,2,0
傖,2,0
機,2,0
碁,2,0
徜,2,0
甘,2,2
鯡,2,0
瀼,2,0
裱,2,0
鰩,2,0
榆,2,0
淨,2,2
泚,2,2
胭,2,25
詣,2,0
饜,2,3
嗍,2,0
咧,2,1
嗤,2,0
、,2,0
豇,2,1
顥,2,1
唅,2,6
慍,2,2
戉,2,2
勵,2,0
瑯,2,4
胚,2,2
鎬,2,0
媺,2,10
窪,2,0
柮,2,0
僎,2,2
嚓,2,1
緹,2,0
騹,2,3
腋,2,2
碖,2,0
叮,2,0
夑,2,0
咿,2,4
青,2,1
澦,2,0
彷,2,3
搠,2,1
踵,2,0
鏑,2,0
詇,2,0
潚,2,0
準,2,1
禜,2,0
鋌,2,0
洢,2,5
闔,2,0
奓,2,0
阭,2,1
圶,2,0
玷,2,1
鑒,2,0
閣,2,1
餡,2,3
銚,2,0
萘,2,1
粿,2,0
螯,2,1
瀹,2,1
俉,2,0
稶,2,0
裬,2,0
澩,2,0
擭,2,0
懺,2,0
晰,2,2
錇,2,2
楴,2,0
蓿,2,3
氍,2,1
曨,2,0
飆,2,0
蝏,2,0
髖,2,0
嬌,2,4
勸,2,0
夫,2,0
轆,2,0
墁,2,12
準,2,0
屜,2,0
醃,2,0
褚,2,1
鍵,2,0
韃,2,0
梨,2,0
嗩,2,1
刈,2,0
會,2,0
幵,2,0
殫,2,3
務,2,0
泩,2,0
炔,2,1
錝,2,0
駻,2,0
趵,2,0
廝,2,0
洣,2,1
咆,2,0
埌,2,1
餞,2,2
扮,2,8
奲,2,0
犛,2,0
虐,2,0
矼,2,0
繼,2,1
洇,2,1
傢,2,2
聹,2,1
藹,2,0
玔,2,1
煃,2,0
瀨,2,0
聒,2,0
粿,2,0
琖,2,0
珜,2,0
烚,2,1
醍,2,1
麇,2,0
璊,2,1
睎,2,5
翃,2,0
宛,2,0
塄,2,0
鎵,2,0
枮,2,0
穭,2,6
娍,2,0
諺,2,0
硯,2,2
俜,2,0
諨,2,0
埫,2,0
嘍,2,0
荍,2,4
峮,2,1
菎,2,1
姼,2,2
曾,2,0
埰,2,1
驚,2,0
芓,2,0
鍏,2,2
渼,2,8
黨,2,0
鷴,2,2
胄,2,1
歈,2,0
氿,2,0
盱,2,4
婼,2,14
狽,2,2
馳,2,0
焐,2,0
颼,2,0
趈,2,1
肫,2,0
瑑,2,0
藿,2,1
錿,2,0
鋶,2,1
栒,2,1
芏,2,5
玞,2,1
飣,2,0
蔣,2,0
葚,2,1
璩,2,0
禊,2,0
鈄,2,0
娖,2,3
坅,2,1
熉,2,0
怖,2,0
湣,2,0
齊,2,2
滐,2,2
綠,2,1
騵,2,0
釧,2,0
喈,2,1
鎤,2,0
曣,2,2
縕,2,1
撾,2,1
吋,2,1
銶,2,0
菑,2,0
狡,2,0
橐,2,1
刖,2,2
掐,2,7
跪,2,0
誾,2,0
觥,2,1
鸻,2,0
聶,2,0
魘,2,2
蓯,2,7
龘,2,1
禳,2,0
笑,2,2
沯,2,0
慾,2,5
溧,2,2
蝀,2,0
縞,2,0
粵,2,0
騑,2,2
儱,2,0
瓘,2,0
鬟,2,0
頊,2,0
詎,2,0
竷,2,0
萳,2,0
鋪,2,0
蕘,2,2
灃,2,0
耇,2,0
灄,2,0
蕣,2,0
狒,2,0
縷,2,9
憑,2,1
秏,2,1
岊,2,1
笒,2,0
揮,2,0
舒,2,3
陸,2,0
帑,2,0
砉,2,1
誹,2,2
厝,2,0
渢,2,0
讓,2,0
汆,2,1
檮,2,1
鏸,2,2
婻,2,13
烀,2,0
薿,2,4
馱,2,1
旂,2,1
煬,2,0
矻,2,0
撫,2,0
侜,2,0
嘴,2,1
緱,2,1
僾,2,2
鰻,2,15
癲,2,0
瑉,2,1
顱,2,0
奷,2,0
峳,2,2
鵓,2,0
槙,2,0
灡,2,0
酃,2,0
豹,2,0
汯,2,2
綝,2,0
蹨,2,0
喜,2,5
睍,2,1
鋂,2,1
腈,2,3
輊,2,0
芃,2,4
蕎,2,0
騆,2,0
婞,2,23
信,2,3
闥,2,0
寀,2,5
謖,2,0
齡,2,0
絟,2,0
橖,2,0
侻,2,0
孋,2,13
惻,2,0
樣,2,1
擐,2,0
罌,2,1
贑,2,0
銛,2,0
酎,2,0
嘒,2,2
恔,2,1
箤,2,2
鵔,2,0
騠,2,0
靉,2,0
太,2,0
熾,2,0
絪,2,0
郃,2,0
崮,2,0
嗒,2,1
榎,2,0
韺,2,1
奊,2,0
贏,2,1
鐗,2,0
垯,2,0
蒗,2,1
鐸,2,0
瘧,2,0
祧,2,0
磧,2,0
孧,2,0
賰,2,0
侀,2,0
惆,2,4
幪,2,1
犨,2,0
悢,2,0
箜,2,1
偽,2,1
薘,2,0
鋮,2,1
啃,2,0
銑,2,0
侃,2,0
賃,2,4
阫,2,0
輈,2,0
穩,2,0
崇,2,1
盿,2,0
悊,2,0
溏,2,1
幛,2,0
嶓,2,1
縒,2,1
壂,2,1
瀋,2,0
戛,2,0
擇,2,0
箎,2,0
熵,2,1
眴,2,0
惰,2,5
琀,2,5
赯,2,0
詞,2,0
拌,2,2
翅,2,0
斃,2,0
莰,2,2
搢,2,0
拈,2,1
茽,2,0
慊,2,3
飲,2,1
脩,2,1
葝,2,0
熙,2,1
砼,2,0
鍉,2,0
磌,2,0
曛,2,0
顓,2,0
郛,2,0
喉,2,2
悃,2,1
漷,2,0
訨,2,1
鱔,2,0
螞,2,0
棶,2,0
親,2,0
亍,2,1
裝,2,0
裼,2,1
羢,2,0
漍,2,0
藍,2,3
晨,2,0
柄,2,1
麋,2,1
碁,2,0
蔞,2,0
拰,2,0
梒,2,1
埩,2,1
恿,2,0
賅,2,0
腃,2,0
砅,2,0
氙,2,0
舖,2,0
癰,2,1
遛,2,0
黢,2,0
弜,2,0
蕡,2,0
絢,2,3
砫,2,0
搗,2,0
緒,2,0
鷹,2,1
誫,2,0
澦,2,0
疹,2,5
葙,2,1
潠,2,0
檽,2,0
繻,2,0
焄,2,1
碣,2,3
堞,2,2
壟,2,0
荺,2,4
閬,2,1
媗,2,3
塭,2,0
龠,2,0
枇,2,1
嶅,2,0
耇,2,0
坳,2,0
杅,2,1
徨,2,0
楻,2,0
呂,2,1
鎕,2,0
螣,2,0
忭,2,2
叵,2,0
學,2,0
琋,2,2
渨,2,0
并,2,0
諉,2,0
飲,2,0
誥,2,0
陷,2,1
碔,2,0
縹,2,0
嗖,2,0
鋗,2,0
螚,2,2
世,2,0
樁,2,0
囈,2,9
跺,2,1
猊,2,0
貝,2,1
縣,2,0
櫂,2,0
颹,2,1
陔,2,0
瘁,2,1
從,2,0
張,2,1
積,2,0
婠,2,6
蔃,2,0
遄,2,0
圴,2,0
林,2,2
紂,2,0
嵂,2,1
琩,2,0
綪,2,4
鋒,2,0
讙,2,1
德,2,0
鏦,2,0
旯,2,1
薜,2,1
脢,2,0
漕,2,0
嗅,2,2
氘,2,0
瑥,2,2
協,2,0
牖,2,0
涴,2,7
婛,2,3
習,2,2
抉,2,2
偆,2,1
璊,2,0
怑,2,1
爝,2,1
熒,2,4
苜,2,0
號,2,0
嬅,2,10
碖,2,0
傃,2,0
兌,2,0
愎,2,0
映,2,5
崠,2,0
稟,2,0
邊,2,1
走,2,0
鹋,2,1
碲,2,0
貤,2,1
奼,2,28
齋,2,0
眉,2,6
黻,2,0
願,2,0
髻,2,0
頵,2,0
峬,2,0
凳,2,0
瑂,2,2
氳,2,0
楱,2,0
錋,2,0
儗,2,2
屏,2,1
賂,2,1
嗦,2,0
吠,2,0
蹟,2,0
謹,2,0
恚,2,1
蜴,2,2
晃,2,0
闓,2,0
幗,2,1
曚,2,4
菽,2,0
涕,2,4
鈁,2,0
鐨,2,2
雰,2,5
蒝,2,2
玿,2,2
颮,2,2
兩,2,0
鹽,2,0
忐,2,0
紺,2,2
吟,2,0
搽,2,0
蔌,2,0
菬,2,0
訏,2,0
湧,2,0
通,2,0
玗,2,1
珦,2,2
恏,2,0
壺,2,2
敷,2,0
堹,2,0
耔,2,1
嬖,2,2
玸,2,0
卡,2,5
蓱,2,2
徯,2,0
磾,2,0
鬢,2,2
竻,2,0
踴,2,0
狙,2,0
揚,2,2
叱,2,0
嬪,2,2
枸,2,3
鵑,2,0
泅,2,6
衽,2,1
凘,2,1
焰,2,0
諴,2,0
愆,2,0
貪,2,0
帶,1,0
搵,1,2
汥,1,0
鱆,1,0
饒,1,1
姌,1,14
瑡,1,0
枆,1,0
珶,1,0
奾,1,0
醞,1,0
鈉,1,0
踽,1,0
軎,1,0
忉,1,0
鍀,1,0
佧,1,0
糴,1,2
檎,1,0
冰,1,1
嵊,1,0
證,1,0
訉,1,0
銠,1,0
闇,1,0
賯,1,0
羭,1,0
軼,1,3
彋,1,0
緰,1,0
梌,1,0
洖,1,0
琠,1,0
晑,1,0
鑈,1,0
偲,1,2
曄,1,0
檇,1,0
墱,1,0
帆,1,0
妠,1,3
岕,1,0
燄,1,0
鋿,1,0
姞,1,3
躪,1,0
淢,1,0
韗,1,0
綵,1,1
熯,1,0
吮,1,0
踣,1,0
筰,1,0
錂,1,2
昣,1,0
旽,1,0
鳙,1,0
瘍,1,0
鋙,1,0
茓,1,0
痰,1,2
惔,1,1
桫,1,0
拗,1,1
黥,1,0
漎,1,0
牒,1,1
鱺,1,0
趴,1,3
護,1,0
炻,1,2
譽,1,0
鞝,1,0
坰,1,0
煿,1,0
碂,1,0
埜,1,0
島,1,0
嫨,1,0
埮,1,1
訖,1,0
幹,1,1
莍,1,0
颻,1,2
哂,1,2
概,1,0
儢,1,0
質,1,0
曄,1,0
酰,1,1
莮,1,0
瀧,1,0
乤,1,0
紉,1,0
湓,1,0
巇,1,0
搵,1,1
稿,1,0
款,1,0
攄,1,0
場,1,0
嘲,1,0
爨,1,0
嵨,1,0
稅,1,0
唸,1,1
擢,1,0
鐈,1,0
釹,1,1
砝,1,0
釿,1,1
新,1,0
禘,1,0
杝,1,1
車,1,0
祲,1,0
問,1,0
撜,1,0
礓,1,1
帨,1,1
蹯,1,0
跬,1,0
呃,1,0
纆,1,0
郱,1,1
鈤,1,1
玂,1,0
秩,1,0
瞌,1,0
盤,1,1
緢,1,0
儃,1,0
犉,1,1
啟,1,0
橽,1,0
矓,1,0
嚘,1,0
梟,1,1
矍,1,0
靇,1,0
鷐,1,1
,1,0
補,1,1
畎,1,0
灴,1,0
袼,1,1
衏,1,0
,1,1
謺,1,0
逋,1,1
菫,1,3
鯎,1,0
錒,1,1
鱈,1,12
釔,1,1
敔,1,1
鏏,1,0
峬,1,0
響,1,0
麂,1,0
嘁,1,0
軸,1,0
麂,1,0
槁,1,0
幘,1,0
禔,1,0
詝,1,0
辭,1,0
蔍,1,0
謤,1,0
甾,1,1
嚥,1,0
袌,1,0
峑,1,0
真,1,0
恌,1,0
悗,1,0
尪,1,0
璺,1,0
瑣,1,0
坋,1,1
儺,1,0
耬,1,0
畛,1,1
嫍,1,0
梪,1,0
缽,1,0
漘,1,0
婗,1,3
藨,1,0
蓽,1,1
謾,1,8
橈,1,0
柙,1,0
縸,1,0
淛,1,0
旰,1,0
鉅,1,0
柊,1,0
吠,1,0
漛,1,0
轞,1,0
兕,1,0
秫,1,3
裀,1,1
貰,1,0
縉,1,0
睚,1,0
斫,1,0
鎂,1,2
睨,1,0
昤,1,5
懸,1,0
孴,1,0
鶠,1,0
剌,1,1
霤,1,0
謶,1,0
僩,1,0
盦,1,0
楉,1,1
遠,1,0
鐶,1,0
崿,1,0
妝,1,0
煜,1,0
鍪,1,0
魯,1,0
朣,1,1
蟯,1,0
斳,1,0
趫,1,1
偁,1,0
艎,1,0
線,1,0
粊,1,0
綾,1,1
葩,1,3
鏷,1,0
沖,1,0
夒,1,0
陲,1,0
爾,1,1
棛,1,0
髯,1,0
嬬,1,1
旄,1,1
斟,1,0
芻,1,1
攖,1,0
呱,1,2
笆,1,2
紃,1,0
璉,1,0
壛,1,0
屆,1,0
桌,1,0
噫,1,0
輿,1,0
漒,1,0
疃,1,1
掾,1,0
繯,1,2
駩,1,0
柇,1,0
罐,1,0
鱸,1,0
欏,1,0
會,1,0
徠,1,0
沇,1,0
鎾,1,0
卍,1,0
艅,1,0
憤,1,0
鎖,1,0
察,1,1
懮,1,0
箷,1,0
凩,1,0
桵,1,0
襚,1,0
嵾,1,0
袀,1,0
靾,1,0
黁,1,2
茙,1,0
棼,1,1
牁,1,0
跛,1,0
液,1,0
鍖,1,0
嗜,1,0
殄,1,0
瓀,1,3
垂,1,0
劍,1,1
箽,1,0
鋤,1,0
聞,1,0
劉,1,0
憡,1,0
庶,1,0
邙,1,0
彳,1,0
塏,1,0
槲,1,0
僪,1,1
幬,1,0
罣,1,0
艦,1,0
驦,1,0
貊,1,0
橸,1,0
秬,1,0
秈,1,0
駔,1,0
瘐,1,0
騎,1,0
珵,1,1
絖,1,0
髟,1,0
盈,1,1
珢,1,2
繩,1,0
,1,0
琙,1,0
嫆,1,4
嚶,1,2
髦,1,1
撟,1,0
斿,1,0
載,1,0
籤,1,0
忪,1,3
塯,1,0
夥,1,0
靨,1,10
鎮,1,0
艴,1,0
蝸,1,3
紗,1,0
涳,1,1
螞,1,0
檻,1,0
鱧,1,0
撳,1,0
樻,1,0
卒,1,0
汖,1,0
埒,1,1
滃,1,0
璫,1,0
飆,1,0
悱,1,0
釤,1,1
卬,1,2
駼,1,1
門,1,0
畾,1,0
黧,1,1
禡,1,0
槨,1,0
垓,1,0
旓,1,0
趺,1,0
賻,1,0
蜣,1,0
譯,1,0
鯤,1,1
揯,1,0
賤,1,0
仚,1,0
蹓,1,1
侇,1,0
欥,1,0
樗,1,0
灰,1,1
褾,1,0
鋉,1,0
稙,1,0
崷,1,0
漘,1,0
粧,1,25
埆,1,0
裸,1,0
勁,1,0
樉,1,0
慳,1,0
孱,1,1
荶,1,0
蒱,1,0
薳,1,0
剪,1,0
農,1,0
誗,1,0
多,1,0
譜,1,0
棖,1,0
歲,1,0
疊,1,0
袚,1,0
蠷,1,0
哲,1,0
營,1,0
鰡,1,0
姒,1,7
錼,1,2
拚,1,0
皋,1,0
橪,1,0
偵,1,0
謚,1,1
驄,1,0
鍰,1,3
堙,1,0
鑅,1,0
藞,1,0
塍,1,0
鮮,1,0
德,1,0
糅,1,0
筽,1,0
鏗,1,0
暆,1,0
動,1,0
苀,1,1
鴹,1,0
亃,1,0
萾,1,0
粲,1,0
砦,1,1
磣,1,0
跡,1,0
誩,1,1
繕,1,0
疆,1,0
桼,1,0
嶶,1,7
檺,1,0
耑,1,0
嵅,1,0
汘,1,0
盪,1,0
崵,1,0
刖,1,2
愀,1,0
甹,1,0
楩,1,0
鋑,1,0
痣,1,1
軹,1,0
美,1,2
淐,1,0
贊,1,0
剷,1,0
舴,1,1
鍼,1,0
戣,1,0
硩,1,0
轟,1,0
阤,1,0
昭,1,1
崠,1,0
椐,1,0
蜆,1,0
蕊,1,0
茢,1,0
屏,1,0
礛,1,0
紿,1,1
剞,1,0
詍,1,0
關,1,1
颭,1,0
璱,1,0
丄,1,0
鰹,1,1
稰,1,0
荇,1,1
吲,1,0
柩,1,0
涷,1,0
窯,1,0
离,1,0
墐,1,2
洚,1,0
捋,1,0
猶,1,0
呴,1,0
颒,1,0
騣,1,0
僔,1,0
鋺,1,0
欑,1,0
期,1,0
蚘,1,0
還,1,0
椩,1,0
觳,1,0
袋,1,0
硃,1,0
綆,1,0
溫,1,1
犒,1,0
爇,1,1
餾,1,0
寢,1,0
菐,1,0
濡,1,0
嵽,1,3
鋾,1,0
攮,1,0
儰,1,0
綿,1,0
鸇,1,0
徥,1,0
鯁,1,1
霩,1,1
怵,1,0
蘄,1,0
敕,1,0
菼,1,0
昇,1,0
棲,1,1
日,1,1
硎,1,0
鉤,1,0
訃,1,0
蒹,1,1
坉,1,0
鑕,1,0
慒,1,0
罪,1,5
觾,1,1
衶,1,0
鄀,1,1
鎦,1,0
締,1,0
墦,1,0
陬,1,2
渵,1,0
徵,1,1
醽,1,0
慎,1,3
鄰,1,1
鯰,1,0
騰,1,1
敕,1,0
鳥,1,0
尷,1,0
斶,1,0
榰,1,0
籦,1,0
憩,1,2
弼,1,0
翱,1,0
牶,1,0
淪,1,0
濴,1,0
諃,1,0
碬,1,1
專,1,0
衼,1,0
紜,1,2
腪,1,0
汸,1,2
鎈,1,0
儱,1,0
騫,1,0
賓,1,0
庶,1,0
萊,1,0
彙,1,0
蹺,1,0
咄,1,1
備,1,0
琌,1,3
挲,1,0
侉,1,0
諼,1,6
嬲,1,4
樵,1,1
熿,1,0
嗑,1,0
鶯,1,0
灒,1,0
皋,1,0
霦,1,1
強,1,0
類,1,1
鍕,1,0
瓥,1,0
薤,1,0
傽,1,0
嶆,1,0
薅,1,1
韙,1,0
蓰,1,0
甙,1,0
刊,1,0
殂,1,1
抣,1,0
京,1,0
漊,1,0
茥,1,0
惲,1,0
研,1,0
閏,1,0
趄,1,0
獄,1,0
悘,1,0
堤,1,0
詈,1,0
鍑,1,0
糝,1,0
歪,1,0
髂,1,0
皤,1,1
裊,1,0
叵,1,0
讌,1,1
設,1,0
麗,1,0
瞵,1,0
飀,1,0
嵧,1,0
綷,1,1
荅,1,0
畽,1,0
徛,1,0
喪,1,0
煙,1,0
褣,1,0
聥,1,0
槔,1,0
鐙,1,0
覈,1,0
坭,1,3
燨,1,1
鋼,1,0
崢,1,2
貅,1,0
哂,1,1
綰,1,2
苂,1,0
踺,1,0
柨,1,0
玅,1,0
砃,1,1
熷,1,0
織,1,0
瞅,1,0
礱,1,0
喑,1,0
諠,1,3
枌,1,0
訄,1,0
茼,1,5
嚴,1,0
熗,1,0
栻,1,2
襛,1,0
磣,1,1
葴,1,0
稑,1,0
駰,1,1
溮,1,2
鯖,1,0
驃,1,0
亳,1,0
柶,1,0
娰,1,0
罵,1,0
笢,1,0
笞,1,0
羱,1,1
橛,1,0
嶗,1,0
眇,1,0
揠,1,0
瓺,1,0
銬,1,0
媓,1,1
囷,1,0
琒,1,0
埻,1,1
昑,1,1
嶈,1,0
頇,1,0
屐,1,0
遽,1,0
晲,1,0
傮,1,0
燉,1,0
華,1,0
鼗,1,1
縠,1,0
菮,1,0
羧,1,0
嚅,1,1
訶,1,0
麎,1,0
併,1,0
胝,1,0
饗,1,0
皴,1,2
址,1,0
錙,1,2
慎,1,0
堩,1,0
涍,1,0
妺,1,7
歟,1,3
渄,1,0
赬,1,0
泃,1,0
俙,1,0
臺,1,0
,1,0
僅,1,1
昢,1,5
熞,1,0
稜,1,1
艓,1,0
鷫,1,1
鴦,1,0
廒,1,0
執,1,0
島,1,0
庈,1,0
弮,1,0
悁,1,0
犴,1,0
晢,1,1
怾,1,0
壘,1,0
喟,1,0
剁,1,1
敫,1,0
蹙,1,2
絃,1,0
琾,1,0
淓,1,0
侯,1,0
協,1,0
道,1,0
堒,1,0
頏,1,0
岸,1,0
嘅,1,1
氣,1,0
昜,1,0
檉,1,0
邠,1,2
讓,1,0
,1,1
簾,1,0
蚄,1,0
踖,1,0
鷖,1,0
霋,1,0
三,1,0
疆,1,0
潛,1,0
偗,1,0
捎,1,2
礄,1,0
妓,1,2
碤,1,0
懊,1,3
泆,1,1
葉,1,1
輗,1,0
騳,1,0
博,1,0
郬,1,0
圊,1,0
鈞,1,0
鈧,1,0
霠,1,0
黖,1,0
閎,1,0
陽,1,0
廕,1,0
愌,1,0
蝌,1,0
磞,1,1
騊,1,1
峟,1,0
鑸,1,0
嚆,1,2
勤,1,0
,1,1
弶,1,2
瑍,1,0
戩,1,0
蒀,1,3
鞶,1,0
胥,1,0
裡,1,0
娗,1,1
祱,1,0
奎,1,0
迂,1,0
襞,1,0
薘,1,0
稂,1,0
嵢,1,0
罱,1,1
捍,1,0
笘,1,0
汌,1,0
諑,1,1
潀,1,1
崩,1,1
砆,1,0
暽,1,0
饔,1,0
笥,1,0
喙,1,0
秉,1,0
婱,1,0
砹,1,0
縑,1,0
櫝,1,0
鮶,1,0
麰,1,0
愨,1,0
潽,1,0
膾,1,0
嫵,1,9
寶,1,1
楪,1,0
蕥,1,0
姺,1,12
岓,1,0
蘼,1,0
齠,1,0
耦,1,2
踳,1,0
窨,1,2
壆,1,0
擊,1,0
渱,1,0
祭,1,5
蛉,1,1
弫,1,0
蠣,1,1
痙,1,2
留,1,1
詨,1,0
荻,1,0
燜,1,0
覿,1,0
鶯,1,0
隍,1,0
瀿,1,0
惋,1,21
烔,1,0
阾,1,1
溳,1,1
蕺,1,0
豳,1,0
愊,1,0
榑,1,1
縟,1,0
瀆,1,1
瑲,1,1
嵹,1,0
靦,1,3
銛,1,0
給,1,0
賝,1,1
朗,1,0
鎙,1,0
炵,1,0
硉,1,0
饃,1,2
園,1,3
摨,1,0
鷧,1,0
羋,1,0
胹,1,0
萋,1,0
嗔,1,1
吔,1,0
埇,1,0
吇,1,2
垸,1,1
玝,1,0
貳,1,0
謎,1,0
涼,1,0
鶉,1,0
鑽,1,0
麑,1,2
姅,1,0
倀,1,0
嘯,1,0
嶴,1,0
馸,1,0
崀,1,0
鑰,1,0
彇,1,0
鉺,1,0
鉖,1,0
龢,1,0
痧,1,0
頭,1,0
鉼,1,0
逕,1,0
岠,1,0
略,1,1
戰,1,0
蕦,1,0
侞,1,0
鑲,1,0
結,1,1
,1,0
閱,1,0
縯,1,2
鐍,1,0
傒,1,1
鄘,1,1
瘡,1,0
鈑,1,0
譧,1,0
甪,1,1
劥,1,0
銫,1,0
墈,1,0
鬘,1,0
潏,1,0
鍜,1,1
琿,1,0
薡,1,0
僶,1,0
垛,1,0
阱,1,0
天,1,0
忯,1,0
姶,1,0
厝,1,0
愖,1,0
瀦,1,0
鴆,1,2
鱗,1,0
跎,1,0
嫴,1,0
犁,1,0
磕,1,0
妣,1,1
篨,1,0
蒎,1,0
砘,1,0
傔,1,0
唉,1,2
觀,1,0
麌,1,0
氣,1,0
靶,1,1
巖,1,0
緪,1,0
璗,1,0
軓,1,0
薰,1,0
佇,1,0
磢,1,0
蜥,1,0
穠,1,0
崖,1,0
綣,1,0
鏞,1,0
薷,1,9
嫧,1,0
癹,1,0
璦,1,0
魷,1,2
諛,1,0
錗,1,0
欸,1,2
館,1,0
鵜,1,0
祂,1,0
織,1,2
佷,1,0
垤,1,0
繄,1,1
潧,1,0
捨,1,0
詁,1,0
瞉,1,0
藵,1,0
緡,1,0
鋩,1,0
釓,1,0
踳,1,3
棶,1,0
硞,1,0
陞,1,0
鈇,1,0
醅,1,1
釢,1,0
線,1,0
涯,1,0
釕,1,0
琊,1,0
霳,1,0
鑊,1,0
敨,1,2
餗,1,0
伀,1,0
蘘,1,2
筦,1,0
媔,1,1
鞪,1,0
椊,1,0
栝,1,0
黇,1,1
灺,1,0
醜,1,0
薌,1,0
伻,1,0
參,1,0
諾,1,1
裑,1,1
桸,1,0
霃,1,0
鄯,1,0
菳,1,0
皞,1,1
囉,1,3
倥,1,0
侲,1,0
趌,1,0
霪,1,0
曧,1,0
鉿,1,0
痺,1,0
觭,1,0
絩,1,0
獐,1,0
汆,1,0
帠,1,0
橚,1,0
封,1,0
誚,1,0
胱,1,0
訌,1,0
鎛,1,0
仸,1,0
偟,1,0
齏,1,1
琪,1,0
苧,1,1
恑,1,0
裿,1,0
榡,1,0
溯,1,0
恇,1,0
昍,1,0
紮,1,0
揙,1,0
禤,1,0
聽,1,0
觥,1,0
嬼,1,0
荎,1,0
鍌,1,0
蓋,1,0
躐,1,0
淦,1,0
烿,1,0
柤,1,1
泙,1,1
勻,1,0
纛,1,1
憝,1,0
抧,1,0
旲,1,0
妳,1,2
蹉,1,0
椿,1,0
媉,1,1
掹,1,0
莯,1,1
岒,1,1
麇,1,0
廎,1,0
泒,1,1
寇,1,0
牾,1,0
瓅,1,0
惱,1,0
顁,1,0
闉,1,0
徦,1,0
宧,1,0
稈,1,0
帝,1,2
羙,1,1
徟,1,0
弒,1,2
鞎,1,0
奣,1,0
玍,1,0
鯢,1,0
呹,1,1
堈,1,0
守,1,0
翧,1,0
蕆,1,0
渧,1,0
扜,1,1
匱,1,0
谿,1,1
怮,1,0
擀,1,0
呠,1,3
疙,1,0
敦,1,0
湥,1,0
櫬,1,0
倌,1,0
勖,1,0
網,1,1
蝟,1,1
熩,1,0
綋,1,0
憝,1,0
昱,1,0
詬,1,0
吽,1,0
經,1,0
躡,1,0
盧,1,1
滹,1,0
呿,1,0
梤,1,0
鍬,1,0
鱘,1,1
鏢,1,0
欷,1,0
,1,0
蔁,1,1
呅,1,1
輗,1,0
喱,1,1
攢,1,0
怈,1,0
堸,1,1
懼,1,0
際,1,0
鷇,1,0
顧,1,0
膧,1,1
倨,1,2
搜,1,0
褌,1,0
輚,1,0
碕,1,1
薈,1,0
槃,1,2
璲,1,0
黥,1,0
凼,1,0
箏,1,2
烆,1,3
蔟,1,0
佳,1,0
諕,1,0
楙,1,0
蜃,1,2
訥,1,3
竇,1,0
鏮,1,2
詘,1,0
耱,1,0
昆,1,0
嚜,1,1
韔,1,0
瞔,1,0
喡,1,0
逼,1,0
崹,1,0
鐔,1,0
搜,1,0
礸,1,1
繚,1,0
骼,1,0
桑,1,0
酆,1,1
闋,1,1
葂,1,1
專,1,0
驍,1,0
霐,1,0
弆,1,0
迿,1,0
醔,1,1
潝,1,0
喔,1,4
輬,1,0
鑒,1,0
鳪,1,0
瓠,1,0
杞,1,0
賧,1,0
泡,1,1
謨,1,0
糗,1,0
冰,1,0
啾,1,0
緛,1,0
匋,1,2
嬡,1,1
亹,1,0
楔,1,0
驙,1,0
嗇,1,4
綄,1,2
匜,1,0
勢,1,0
踅,1,1
芡,1,13
漥,1,0
珹,1,2
鉑,1,1
袓,1,0
譮,1,0
祀,1,0
蟆,1,0
轡,1,1
硾,1,0
篳,1,0
洑,1,1
睜,1,0
濵,1,0
礒,1,1
偳,1,1
菾,1,1
匟,1,1
桯,1,0
嵁,1,0
鰻,1,0
厭,1,0
,1,0
藝,1,1
瞏,1,0
礬,1,0
湝,1,0
薺,1,0
儷,1,1
騭,1,0
暡,1,0
鰹,1,1
輞,1,0
羑,1,0
孅,1,0
眺,1,0
欉,1,0
動,1,0
蠆,1,0
趽,1,0
歡,1,0
伬,1,0
釪,1,0
界,1,0
鼏,1,0
嫹,1,0
沘,1,0
隸,1,0
汙,1,0
狤,1,0
鰲,1,0
筆,1,0
惎,1,0
紾,1,0
悚,1,0
信,1,0
軞,1,0
貫,1,0
彫,1,0
儜,1,0
炎,1,1
瑖,1,0
逞,1,0
鵦,1,0
懁,1,0
鷖,1,2
誄,1,5
賏,1,0
銵,1,0
尋,1,0
迌,1,1
檣,1,0
莠,1,3
桭,1,0
鶸,1,0
烻,1,2
狷,1,1
閫,1,1
殪,1,0
檗,1,0
伒,1,0
鐿,1,0
盍,1,0
寘,1,0
觴,1,1
琉,1,3
醯,1,0
穩,1,0
煬,1,1
蒡,1,0
楥,1,1
詐,1,0
孓,1,0
溧,1,0
袗,1,1
媲,1,4
然,1,0
須,1,0
狨,1,0
濉,1,1
曬,1,0
覺,1,0
率,1,0
涬,1,1
櫛,1,1
皎,1,8
若,1,0
算,1,0
貸,1,0
郾,1,0
砏,1,0
娑,1,2
蔘,1,1
嗚,1,0
絀,1,0
選,1,0
楲,1,1
岆,1,0
貔,1,0
墣,1,0
鶜,1,0
磴,1,0
龖,1,0
犄,1,0
硐,1,0
夌,1,0
存,1,0
薙,1,0
醯,1,0
森,1,0
鑽,1,0
沕,1,1
鎌,1,0
嘈,1,0
刌,1,0
迕,1,0
抻,1,0
乩,1,0
葒,1,0
穜,1,0
舑,1,0
餑,1,0
暄,1,0
仛,1,0
堎,1,0
瑽,1,2
地,1,0
阼,1,0
鼒,1,0
奫,1,0
袘,1,0
閶,1,0
樸,1,0
健,1,0
甏,1,0
嘔,1,0
瘍,1,0
槔,1,0
鸏,1,1
牤,1,0
扠,1,0
贅,1,0
艐,1,1
婌,1,4
婧,1,2
竲,1,0
瞼,1,0
戥,1,0
珬,1,0
罈,1,0
銎,1,0
緭,1,0
桽,1,0
徫,1,3
汞,1,0
柝,1,0
慘,1,1
簨,1,1
袮,1,0
吝,1,0
鋘,1,0
敄,1,0
螂,1,0
鷟,1,0
蹩,1,0
眽,1,0
鈅,1,3
頠,1,1
為,1,0
澊,1,1
傺,1,0
註,1,0
钂,1,0
犞,1,0
苰,1,1
勩,1,0
醺,1,0
癮,1,1
洩,1,0
諛,1,0
銜,1,0
鵷,1,4
鏇,1,0
弙,1,0
湵,1,0
諟,1,0
秂,1,0
桾,1,1
籷,1,0
胗,1,0
嫽,1,1
咻,1,0
鄮,1,0
殭,1,0
峿,1,0
踆,1,0
鏱,1,0
瀾,1,0
齊,1,0
柛,1,0
皸,1,0
疁,1,0
刱,1,0
靼,1,0
簩,1,0
羾,1,0
傛,1,3
樘,1,0
讈,1,0
踰,1,0
寭,1,1
緻,1,0
鬈,1,0
發,1,0
稿,1,0
遊,1,0
藟,1,2
拃,1,1
顈,1,1
瘔,1,0
瞽,1,0
萏,1,8
袛,1,1
懚,1,0
曋,1,0
羉,1,0
翔,1,1
怋,1,0
征,1,0
倵,1,0
績,1,0
噩,1,0
憕,1,0
侏,1,10
鈍,1,0
術,1,0
遒,1,0
檍,1,2
普,1,0
穳,1,0
挴,1,0
叢,1,0
懆,1,1
鏃,1,0
曀,1,0
焹,1,0
祩,1,0
鰭,1,2
砡,1,1
夵,1,0
唳,1,0
欻,1,0
鄆,1,0
嬋,1,3
謓,1,1
緇,1,0
紓,1,0
籐,1,0
脽,1,0
薨,1,0
廠,1,0
尢,1,2
舛,1,1
攜,1,0
偀,1,0
竤,1,1
昈,1,0
娙,1,1
鍰,1,0
惡,1,0
燈,1,1
浞,1,0
詪,1,1
韌,1,0
呾,1,0
睲,1,0
忞,1,1
種,1,0
繩,1,0
寑,1,0
翏,1,0
譖,1,0
攣,1,0
耛,1,0
壽,1,0
泑,1,0
鈀,1,0
錚,1,0
婥,1,4
皁,1,0
箠,1,0
憖,1,0
揭,1,0
鈖,1,0
畢,1,0
犍,1,0
脼,1,0
姬,1,0
鎡,1,0
杬,1,1
懼,1,0
栨,1,0
婰,1,2
馺,1,0
吳,1,1
匾,1,0
媼,1,1
錥,1,1
呇,1,0
徭,1,2
凔,1,0
珗,1,0
怐,1,0
縫,1,0
皚,1,0
項,1,0
鑌,1,0
耹,1,0
餤,1,0
褓,1,0
正,1,0
纋,1,0
騁,1,0
搛,1,0
璽,1,0
縓,1,0
肢,1,1
桕,1,0
棧,1,0
盈,1,0
釓,1,0
頤,1,0
驞,1,0
農,1,0
磑,1,0
鄉,1,0
鴝,1,0
霫,1,1
嚳,1,0
慄,1,0
諄,1,0
疚,1,0
瘞,1,0
樕,1,0
噂,1,0
岝,1,0
賒,1,0
巔,1,0
廎,1,0
玵,1,1
蒔,1,0
苺,1,1
戭,1,0
蠱,1,0
漘,1,0
鑳,1,0
臚,1,0
堅,1,0
硈,1,0
難,1,0
栱,1,0
燡,1,2
脛,1,0
幫,1,0
正,1,0
鋹,1,0
廳,1,0
繯,1,0
得,1,0
柰,1,4
顝,1,1
畝,1,0
棋,1,0
榦,1,0
巸,1,0
,1,0
惑,1,0
瑰,1,0
釥,1,0
隩,1,0
遜,1,0
芰,1,1
鶯,1,0
誤,1,0
煟,1,0
荿,1,0
舐,1,2
篔,1,4
晬,1,0
繙,1,0
魢,1,0
者,1,0
轔,1,0
蹼,1,0
痄,1,0
鎪,1,0
爟,1,0
獴,1,0
挻,1,0
掛,1,0
胚,1,0
韓,1,0
誜,1,0
垊,1,0
裾,1,0
耄,1,1
熥,1,0
飂,1,0
戀,1,1
觡,1,0
燾,1,0
坼,1,0
旱,1,0
畀,1,1
僨,1,0
勓,1,0
懍,1,2
觶,1,0
檾,1,0
蓩,1,0
洊,1,1
窬,1,0
懣,1,0
塋,1,0
覘,1,0
衛,1,0
亙,1,0
槺,1,1
氬,1,3
淹,1,0
鄅,1,0
珸,1,1
係,1,0
僊,1,0
鴶,1,0
拊,1,0
埲,1,0
揄,1,0
酞,1,2
餆,1,0
噲,1,0
氾,1,0
碆,1,0
狟,1,0
泍,1,0
祛,1,0
俶,1,2
砱,1,1
潉,1,0
涏,1,0
碞,1,1
逢,1,0
麵,1,0
鐛,1,0
籐,1,0
摁,1,0
菰,1,0
郤,1,0
鎣,1,1
渰,1,0
頷,1,5
瓚,1,0
慦,1,0
匕,1,0
洉,1,0
嗶,1,0
僯,1,0
炴,1,1
鐏,1,0
憖,1,0
蓒,1,0
邐,1,0
鐄,1,0
羯,1,0
郔,1,0
褱,1,0
扆,1,0
犜,1,0
珍,1,1
杋,1,1
菈,1,0
坴,1,0
阱,1,0
髮,1,0
鮒,1,0
眗,1,1
釩,1,0
趠,1,0
蝍,1,0
緞,1,1
籩,1,1
咮,1,0
杙,1,2
蕞,1,1
桲,1,0
桾,1,0
姘,1,10
箖,1,1
璮,1,0
峭,1,0
霽,1,0
痶,1,0
壖,1,0
忿,1,1
紜,1,0
卮,1,0
誦,1,0
牝,1,2
暟,1,0
頑,1,0
辿,1,0
邲,1,0
導,1,0
篋,1,1
酡,1,0
摶,1,0
廆,1,0
嶝,1,0
睃,1,1
車,1,0
關,1,0
將,1,0
莚,1,0
暙,1,0
颩,1,0
監,1,1
篠,1,1
乇,1,1
晜,1,0
鰳,1,0
韁,1,1
醮,1,0
錟,1,0
緣,1,0
壨,1,0
眍,1,0
柷,1,1
天,1,0
遶,1,0
愬,1,0
釤,1,0
藠,1,0
垺,1,0
霍,1,0
閽,1,0
傲,1,0
啟,1,0
殯,1,1
鮝,1,2
頩,1,1
驅,1,0
珚,1,1
詀,1,0
憉,1,0
璶,1,1
囜,1,0
蔕,1,0
鈾,1,0
杍,1,1
睶,1,0
觺,1,0
垗,1,0
徆,1,0
梠,1,0
旴,1,0
倉,1,0
諳,1,2
覿,1,0
砯,1,0
垡,1,0
掽,1,0
簀,1,0
霾,1,1
屭,1,0
鰜,1,0
懍,1,0
焵,1,0
楂,1,0
襑,1,0
棎,1,0
閱,1,0
妝,1,0
穡,1,2
貿,1,0
嵿,1,0
妯,1,0
殞,1,0
媱,0,2
瑤,0,2
娮,0,1
襼,0,1
枻,0,1
矔,0,1
絲,0,3
諍,0,1
傚,0,1
倣,0,2
爛,0,1
馝,0,1
紬,0,1
骰,0,1
衲,0,3
蔦,0,3
媌,0,8
毘,0,1
饉,0,3
蓜,0,3
婈,0,1
濟,0,1
哦,0,2
採,0,2
乪,0,1
蠲,0,1
澄,0,1
霱,0,4
牰,0,1
蔤,0,3
悀,0,1
飪,0,1
屮,0,1
瘸,0,1
筣,0,1
嫝,0,2
芎,0,3
釴,0,1
測,0,1
閼,0,1
蕸,0,2
蛄,0,1
溎,0,1
梊,0,1
萱,0,2
聸,0,1
登,0,1
蒙,0,2
嶕,0,1
娢,0,1
靉,0,1
鋍,0,1
悎,0,2
蠐,0,1
綍,0,1
顏,0,1
鏴,0,1
茞,0,6
莩,0,1
嶀,0,1
媋,0,2
掍,0,1
淫,0,1
砛,0,1
暱,0,2
碗,0,4
鎘,0,1
浿,0,1
鶬,0,1
葖,0,2
菋,0,1
薰,0,1
蔤,0,1
謐,0,2
陰,0,1
蓴,0,1
怳,0,2
鶯,0,1
滆,0,3
婭,0,6
瑾,0,2
獰,0,2
茖,0,1
梨,0,1
學,0,1
糸,0,2
熊,0,1
璚,0,1
棗,0,1
暶,0,2
懏,0,1
碗,0,2
芘,0,1
褦,0,1
躚,0,3
秮,0,1
殹,0,1
栟,0,1
蕶,0,1
奼,0,1
蕊,0,2
槮,0,2
攦,0,1
檚,0,1
圚,0,1
薟,0,1
莄,0,1
砓,0,1
娪,0,3
悧,0,1
瀕,0,1
擼,0,1
睮,0,1
澞,0,1
鞡,0,2
娳,0,2
斐,0,3
慧,0,2
檟,0,2
犽,0,1
鷦,0,2
傕,0,1
逞,0,1
汼,0,1
礫,0,1
癩,0,1
佻,0,2
唚,0,1
馹,0,2
拫,0,2
鮢,0,1
噗,0,1
煵,0,1
鮚,0,2
塞,0,1
桋,0,1
孑,0,1
榪,0,1
萶,0,1
荽,0,1
前,0,1
刀,0,1
眫,0,1
妶,0,1
籥,0,2
萓,0,2
蘇,0,2
魍,0,1
馫,0,2
隉,0,1
裟,0,2
掅,0,1
焍,0,1
呣,0,1
陰,0,1
奜,0,1
呡,0,1
醼,0,1
婤,0,2
莀,0,2
緈,0,1
佛,0,1
卸,0,1
贗,0,1
睪,0,1
樺,0,1
閩,0,1
煢,0,6
努,0,1
艫,0,1
芅,0,1
敘,0,1
蕹,0,2
櫹,0,1
蒻,0,1
曏,0,1
粢,0,1
安,0,1
酷,0,2
熙,0,1
綈,0,4
翠,0,3
陾,0,1
葦,0,1
怠,0,1
嬃,0,2
飴,0,1
潿,0,3
焾,0,1
甯,0,1
皉,0,1
澕,0,1
豗,0,1
綃,0,3
棰,0,1
飫,0,1
出,0,2
蚪,0,1
簣,0,1
琝,0,1
絑,0,1
簫,0,1
轂,0,1
梢,0,1
鞮,0,1
溯,0,1
藯,0,1
溔,0,1
瞞,0,1
嗟,0,1
鷲,0,1
肽,0,1
蕼,0,1
蓆,0,1
徙,0,1
洯,0,1
縈,0,4
詼,0,2
蘗,0,1
瘕,0,1
嫖,0,1
羕,0,1
風,0,1
喃,0,5
峻,0,1
嘩,0,1
苨,0,2
倇,0,1
崸,0,1
淉,0,1
秜,0,1
庀,0,1
蘱,0,1
瞢,0,1
穸,0,1
釵,0,3
哽,0,1
豔,0,1
緋,0,1
髸,0,1
詔,0,1
齒,0,1
鷚,0,1
湞,0,1
塥,0,1
祩,0,3
窺,0,2
鴳,0,1
恄,0,1
栭,0,1
柂,0,1
簌,0,1
縲,0,1
洅,0,1
涫,0,1
鑾,0,2
啐,0,1
烓,0,2
棌,0,1
晽,0,2
媃,0,1
韞,0,3
橞,0,5
愪,0,1
滈,0,1
鉇,0,1
荔,0,3
薽,0,3
晚,0,1
試,0,1
嬰,0,3
拑,0,1
裗,0,1
花,0,1
亟,0,1
筻,0,1
羝,0,1
笆,0,1
痳,0,1
邾,0,1
櫜,0,1
萼,0,1
螗,0,1
娞,0,1
鍹,0,2
,0,1
類,0,1
旆,0,1
杹,0,1
譖,0,2
郚,0,3
蕈,0,3
節,0,1
膦,0,2
藇,0,1
鴟,0,1
痿,0,1
琡,0,3
每,0,1
恿,0,1
葻,0,1
踹,0,1
褲,0,1
悵,0,1
唭,0,1
筲,0,1
朋,0,2
琟,0,1
耨,0,1
峨,0,2
悆,0,1
餿,0,1
瑪,0,2
怞,0,2
奩,0,1
婑,0,2
赩,0,9
荊,0,2
梅,0,1
壺,0,1
蔸,0,1
釃,0,2
鯛,0,1
晴,0,3
鷫,0,1
篠,0,1
傜,0,1
踦,0,1
跇,0,1
崺,0,1
玟,0,1
糶,0,1
縕,0,1
芟,0,1
婀,0,1
岸,0,1
陎,0,1
蔯,0,1
姰,0,1
咢,0,2
蘺,0,1
歹,0,1
枟,0,2
醪,0,1
玊,0,1
忤,0,1
孍,0,1
簋,0,1
鄄,0,1
溓,0,1
綢,0,2
耘,0,1
煈,0,1
颸,0,1
喜,0,1
孱,0,1
土,0,1
抮,0,1
浺,0,1
,0,1
阰,0,1
掃,0,1
顙,0,1
侶,0,1
央,0,1
慷,0,1
艷,0,1
鈮,0,1
羨,0,1
憑,0,1
傇,0,1
惢,0,2
煣,0,2
焗,0,1
鶼,0,2
陜,0,1
挸,0,2
亞,0,2
鶖,0,1
邂,0,1
豸,0,1
噴,0,1
娡,0,1
偢,0,1
撗,0,1
員,0,1
惏,0,1
藶,0,1
醄,0,2
衽,0,1
輰,0,1
鎵,0,2
蔧,0,2
嫥,0,2
擖,0,1
憖,0,2
婂,0,1
麼,0,1
酇,0,1
僈,0,1
延,0,1
嵯,0,2
驛,0,1
冱,0,1
獪,0,1
轀,0,1
侖,0,1
睥,0,1
璓,0,2
睬,0,2
偡,0,1
蘜,0,1
噺,0,3
萒,0,1
筎,0,1
餞,0,1
瀖,0,2
岄,0,2
憭,0,1
羥,0,2
勀,0,1
鴒,0,1
軔,0,1
梓,0,1
楒,0,4
隃,0,1
暪,0,1
馠,0,2
孀,0,2
渶,0,3
忑,0,1
辸,0,2
榣,0,1
樂,0,2
暝,0,3
揝,0,1
蝙,0,2
琫,0,1
周,0,1
翓,0,2
盷,0,1
娽,0,1
涮,0,1
緁,0,1
繡,0,8
呥,0,1
劾,0,2
詢,0,1
趻,0,1
璥,0,1
莤,0,4
娼,0,2
腙,0,1
瀌,0,2
諢,0,1
蘠,0,2
蘴,0,1
廌,0,1
簪,0,1
濃,0,1
婕,0,4
躓,0,1
褰,0,1
宜,0,1
稘,0,1
鋲,0,1
熅,0,1
銆,0,1
迣,0,1
犪,0,1
複,0,1
陳,0,2
榳,0,2
瀜,0,1
眣,0,1
妱,0,1
領,0,1
雈,0,1
蛘,0,1
鸞,0,1
蚯,0,1
僩,0,1
鶼,0,5
紷,0,1
變,0,1
鹷,0,1
嚟,0,1
媟,0,1
哅,0,1
莣,0,1
厙,0,1
諰,0,1
簬,0,1
與,0,1
蓴,0,2
媮,0,2
鑀,0,1
硤,0,3
堳,0,1
丂,0,1
埥,0,3
偑,0,5
舼,0,1
麼,0,1
伀,0,1
覷,0,1
淲,0,1
戨,0,1
帪,0,1
贛,0,1
意,0,4
訬,0,1
悿,0,1
瀤,0,1
缶,0,1
劦,0,1
璵,0,1
儭,0,1
嬭,0,1
旖,0,2
竛,0,1
姱,0,1
萵,0,1
焠,0,1
縵,0,2
鄃,0,1
凞,0,1
楯,0,1
槥,0,1
茾,0,2
羅,0,1
儴,0,1
妋,0,1
縃,0,1
鶷,0,1
筅,0,1
崨,0,1
嫟,0,1
柲,0,1
輑,0,1
恞,0,1
傷,0,1
妁,0,2
仱,0,1
蜺,0,1
菣,0,1
靨,0,1
軏,0,1
匊,0,1
跗,0,1
穌,0,1
厤,0,1
屏,0,1
寇,0,1
櫫,0,1
湧,0,1
淨,0,3
趲,0,3
赭,0,2
宭,0,1
蕷,0,1
鵀,0,1
慎,0,1
碥,0,1
揎,0,1
嫙,0,3
葾,0,1
荌,0,4
蜀,0,1
毰,0,1
蛢,0,1
暉,0,1
鐦,0,1
齦,0,1
楜,0,1
鯣,0,1
狁,0,1
衩,0,1
睞,0,3
攥,0,1
懽,0,1
蹤,0,1
誱,0,1
諫,0,1
潑,0,1
珆,0,2
褳,0,1
褢,0,1
蒺,0,1
姳,0,2
笝,0,1
慇,0,3
肅,0,2
歭,0,1
潸,0,2
帑,0,1
跚,0,6
玼,0,1
脌,0,2
崡,0,1
堄,0,1
荳,0,2
傊,0,2
寍,0,1
圖,0,1
枯,0,1
,0,1
姃,0,1
踛,0,1
眒,0,1
登,0,1
昐,0,2
湁,0,1
絔,0,1
檸,0,1
瀴,0,1
娣,0,6
嫮,0,1
箳,0,1
痡,0,1
縩,0,1
坺,0,1
姷,0,1
菶,0,1
駘,0,1
嫼,0,1
貣,0,1
轓,0,1
墎,0,1
罃,0,2
嬪,0,1
譓,0,1
垕,0,1
崋,0,2
笭,0,1
橯,0,1
欱,0,1
啕,0,2
鞙,0,1
稊,0,2
姈,0,3
樀,0,4
傲,0,1
袡,0,2
孓,0,1
狂,0,1
姽,0,2
篥,0,2
炩,0,1
唼,0,1
媹,0,1
愋,0,1
錆,0,1
迒,0,1
麃,0,1
翑,0,1
阤,0,1
紵,0,1
皘,0,1
軛,0,1
稫,0,1
黦,0,1
蔾,0,1
槭,0,1
婩,0,1
睟,0,2
黏,0,1
箇,0,1
槧,0,1
霺,0,1
諎,0,1
鴣,0,4
蒳,0,2
嬣,0,1
,0,1
霎,0,3
霣,0,2
婇,0,1
褕,0,2
鳧,0,1
醉,0,1
麼,0,1
繗,0,1
騪,0,1
猇,0,1
腧,0,1
擽,0,1
貳,0,1
粞,0,1
裴,0,1
痘,0,1
襴,0,1
栵,0,1
飀,0,2
嫊,0,1
贔,0,1
瓏,0,1
禭,0,1
啞,0,1
椸,0,1
昂,0,2
摵,0,1
蜮,0,1
覮,0,1
瑈,0,3
棑,0,2
涗,0,1
鏘,0,1
嘜,0,2
痞,0,1
鬯,0,1
蜊,0,1
冱,0,1
忔,0,1
銣,0,1
嵺,0,1
嬗,0,3
穟,0,1
偉,0,3
媼,0,1
萜,0,1
癖,0,1
罳,0,2
叵,0,1
嬆,0,1
節,0,1
鋨,0,1
福,0,1
咂,0,1
嬿,0,1
酹,0,1
琄,0,3
醭,0,1
絹,0,2
愄,0,2
瀭,0,1
腳,0,1
庱,0,1
憔,0,2
讎,0,1
意,0,1
娛,0,1
晥,0,1
媊,0,3
伭,0,1
聤,0,1
畘,0,1
敏,0,1
金,0,1
嫗,0,2
鵃,0,1
噷,0,1
漣,0,1
笲,0,1
蜿,0,1
蓺,0,1
瓔,0,2
玬,0,2
啁,0,1
懶,0,3
靈,0,1
濛,0,3
瀣,0,1
溹,0,2
沝,0,1
腸,0,1
鉼,0,1
嬝,0,1
萿,0,1
嬄,0,2
岋,0,1
嶨,0,1
疋,0,2
鉯,0,1
筍,0,2
憐,0,1
碄,0,1
